article_id,entity_mention,start_offset,end_offset,main_role,fine_grained_roles
EN_CC_100013.txt,Bill Gates,93,102,Antagonist,"['Deceiver', 'Corrupt']"
EN_CC_100013.txt,BBC,1860,1862,Antagonist,['Deceiver']
EN_CC_100013.txt,Jeffrey Epstein,2005,2019,Antagonist,['Corrupt']
EN_UA_300009.txt,Fail Alsynov,176,187,Protagonist,"['Rebel', 'Martyr']"
EN_UA_300009.txt,Bashkir people,1616,1629,Innocent,['Victim']
EN_UA_300009.txt,Bashkort,1791,1798,Protagonist,"['Rebel', 'Guardian']"
EN_UA_019640.txt,Russia,435,440,Protagonist,['Guardian']
EN_UA_019640.txt,China,446,450,Protagonist,['Guardian']
EN_UA_019640.txt,West,497,500,Antagonist,['Foreign Adversary']
EN_UA_019640.txt,International Criminal Court,845,872,Protagonist,['Guardian']
EN_UA_019640.txt,Russia,1099,1104,Innocent,['Victim']
EN_UA_019640.txt,China,1883,1887,Antagonist,['Foreign Adversary']
EN_UA_019640.txt,Russia,1941,1946,Antagonist,['Foreign Adversary']
EN_UA_019640.txt,Russia,2202,2207,Antagonist,['Incompetent']
EN_UA_022051.txt,United Kingdom,159,172,Antagonist,['Instigator']
EN_UA_022051.txt,London,368,373,Antagonist,['Foreign Adversary']
EN_UA_022051.txt,Kiev,379,382,Antagonist,['Foreign Adversary']
EN_UA_022051.txt,UK,1781,1782,Antagonist,['Saboteur']
EN_UA_004616.txt,Ukrainians,55,64,Protagonist,['Underdog']
EN_UA_004616.txt,Russians,113,120,Antagonist,['Instigator']
EN_UA_004616.txt,European countries,414,431,Protagonist,['Guardian']
EN_UA_004616.txt,Ukraine,820,826,Protagonist,['Virtuous']
EN_UA_300153.txt,CIA,111,113,Antagonist,['Conspirator']
EN_UA_300153.txt,CIA,251,253,Antagonist,['Saboteur']
EN_UA_300153.txt,Oleksii Reznikov,1197,1212,Antagonist,['Conspirator']
EN_UA_300153.txt,the World Economic Forum,1479,1502,Antagonist,['Conspirator']
EN_UA_024321.txt,Yulia Navalnaya,235,249,Protagonist,['Rebel']
EN_UA_024321.txt,Moscow,1667,1672,Antagonist,['Instigator']
EN_UA_024321.txt,Moscow,2297,2302,Antagonist,['Foreign Adversary']
EN_UA_024321.txt,Russian diplomats,2401,2417,Antagonist,['Foreign Adversary']
EN_UA_000923.txt,Boris Johnson,124,136,Protagonist,['Guardian']
EN_UA_000923.txt,Putin,148,152,Antagonist,['Instigator']
EN_UA_000923.txt,Russia,501,506,Antagonist,['Instigator']
EN_UA_000923.txt,Germany,1278,1284,Antagonist,['Incompetent']
EN_UA_000923.txt,EU,1466,1467,Antagonist,['Incompetent']
EN_UA_000923.txt,Britain,1510,1516,Protagonist,['Virtuous']
EN_UA_000923.txt,UK,1581,1582,Protagonist,['Guardian']
EN_UA_000923.txt,Brexit Britain,2047,2060,Protagonist,['Virtuous']
EN_CC_200104.txt,BBC,694,696,Antagonist,['Deceiver']
EN_CC_200104.txt,Esme Stallard,916,928,Antagonist,['Deceiver']
EN_CC_200104.txt,Sean Seddon,1001,1011,Antagonist,['Corrupt']
EN_UA_002531.txt,Kyiv Mayor Vitali Klitschko,76,102,Protagonist,"['Rebel', 'Martyr']"
EN_UA_002531.txt,Russian military,219,234,Antagonist,['Instigator']
EN_UA_002531.txt,Russian forces,258,271,Antagonist,['Saboteur']
EN_UA_002531.txt,Klitschko,456,464,Protagonist,['Virtuous']
EN_UA_002531.txt,Klitschko,717,725,Protagonist,['Martyr']
EN_UA_002531.txt,Mayor Matveev Sergeevich,1279,1302,Innocent,['Victim']
EN_UA_002531.txt,Mayor Ivan Fedorov,1346,1363,Innocent,['Victim']
EN_UA_002531.txt,Russian invaders,1616,1631,Antagonist,['Terrorist']
EN_UA_002531.txt,Russians,1917,1924,Antagonist,['Terrorist']
EN_CC_100076.txt,Reuters,129,135,Antagonist,['Incompetent']
EN_CC_100076.txt,Daily Sceptic,176,188,Innocent,['Scapegoat']
EN_CC_100076.txt,Walt Meier,843,852,Antagonist,['Incompetent']
EN_CC_100076.txt,Daily Sceptic,1307,1319,Protagonist,['Guardian']
EN_UA_013710.txt,ICC,207,209,Antagonist,['Corrupt']
EN_UA_013710.txt,Max Boot,314,321,Antagonist,"['Bigot', 'Deceiver']"
EN_UA_013710.txt,Putin,399,403,Innocent,['Victim']
EN_UA_013710.txt,Iraq,625,628,Innocent,['Victim']
EN_UA_013710.txt,ICC,738,740,Antagonist,['Deceiver']
EN_UA_013710.txt,Vietnamese children,1049,1067,Innocent,['Exploited']
EN_CC_100004.txt,Al Gore,328,334,Antagonist,['Deceiver']
EN_CC_100004.txt,China,565,569,Antagonist,['Foreign Adversary']
EN_CC_100004.txt,ete Buttigieg,2715,2727,Antagonist,['Deceiver']
EN_CC_100014.txt,Bill Gates,567,576,Antagonist,['Conspirator']
EN_CC_100014.txt,Purina's Dumor,2271,2284,Antagonist,['Conspirator']
EN_CC_100014.txt,Tractor Supply's Producer's Pride,2296,2328,Antagonist,['Conspirator']
EN_CC_100014.txt,Conservatives,2930,2942,Innocent,['Victim']
EN_CC_100014.txt,Republicans,2948,2958,Innocent,['Victim']
EN_UA_300018.txt,Armed Forces of Ukraine,476,498,Antagonist,['Terrorist']
EN_CC_200337.txt,The Met Office,148,161,Antagonist,['Incompetent']
EN_CC_200337.txt,Claire Nasir,2395,2406,Antagonist,['Deceiver']
EN_UA_103011.txt,Shell,749,753,Antagonist,['Corrupt']
EN_UA_103011.txt,BP,759,760,Antagonist,['Corrupt']
EN_UA_103011.txt,Russians,988,995,Antagonist,['Instigator']
EN_UA_025764.txt,Stanislav Petrov,1794,1809,Protagonist,['Guardian']
EN_UA_025764.txt,Ukraine,1918,1924,Innocent,['Exploited']
EN_UA_025764.txt,France,1927,1932,Antagonist,['Instigator']
EN_UA_025764.txt,Biden,2128,2132,Antagonist,['Deceiver']
EN_UA_025764.txt,Washington,2519,2528,Antagonist,['Conspirator']
EN_UA_025764.txt,Washington,2592,2601,Antagonist,['Foreign Adversary']
EN_UA_025764.txt,Russia,2876,2881,Antagonist,['Foreign Adversary']
EN_UA_012611.txt,Russia,75,80,Innocent,['Victim']
EN_UA_012611.txt,US,225,226,Antagonist,['Conspirator']
EN_UA_012611.txt,Norway,1493,1498,Antagonist,['Conspirator']
EN_UA_102990.txt,Ukrainian Government,759,778,Antagonist,['Saboteur']
EN_UA_102990.txt,Russia,955,960,Innocent,['Scapegoat']
EN_UA_024628.txt,United States,140,152,Protagonist,['Guardian']
EN_UA_024628.txt,Ukraine,167,173,Protagonist,['Underdog']
EN_UA_024628.txt,Russia,196,201,Antagonist,['Foreign Adversary']
EN_UA_024628.txt,Ukraine,731,737,Protagonist,['Rebel']
EN_UA_024628.txt,Ukraine,2062,2068,Innocent,['Victim']
EN_UA_024628.txt,Moscow,2361,2366,Antagonist,['Incompetent']
EN_UA_024628.txt,Berlin,2746,2751,Protagonist,['Guardian']
EN_UA_024628.txt,Germany,2929,2935,Protagonist,['Guardian']
EN_UA_024628.txt,Washington,2998,3007,Protagonist,['Guardian']
EN_CC_200343.txt,Marxists,191,198,Antagonist,['Conspirator']
EN_CC_200343.txt,Biden,749,753,Antagonist,['Deceiver']
EN_CC_200343.txt,Chris Martz,952,962,Protagonist,['Virtuous']
EN_UA_300073.txt,Kyiv,180,183,Antagonist,['Incompetent']
EN_UA_300073.txt,West,690,693,Antagonist,['Saboteur']
EN_UA_022339.txt,Ukraine's military,757,774,Antagonist,['Incompetent']
EN_UA_022339.txt,Russian civilians,1455,1471,Innocent,['Victim']
EN_UA_022339.txt,Zelensky,2316,2323,Antagonist,['Traitor']
EN_UA_022339.txt,Western powers,2361,2374,Antagonist,['Foreign Adversary']
EN_UA_022339.txt,Prime Minister of Britain Mr. [Boris] Johnson,2592,2636,Antagonist,['Saboteur']
EN_UA_022339.txt,China,3147,3151,Protagonist,['Virtuous']
EN_UA_026036.txt,Russia,77,82,Antagonist,['Instigator']
EN_UA_300039.txt,Biden administration,81,100,Antagonist,['Traitor']
EN_UA_300039.txt,Ohio’s state government,785,807,Innocent,['Forgotten']
EN_CC_100036.txt,NASA,283,286,Antagonist,['Conspirator']
EN_UA_104876.txt,VLADIMIR Putin,90,103,Antagonist,['Tyrant']
EN_UA_104876.txt,President Volodymyr Zelensky,2305,2332,Protagonist,['Guardian']
EN_UA_013344.txt,Vladimir Putin,172,185,Antagonist,['Deceiver']
EN_UA_013344.txt,Zhirnov,1329,1335,Protagonist,['Rebel']
EN_CC_200279.txt,Bill Gates,1384,1393,Antagonist,['Tyrant']
EN_UA_104859.txt,GUR,1760,1762,Antagonist,['Terrorist']
EN_UA_104859.txt,Hunter,2044,2049,Antagonist,['Corrupt']
EN_UA_001052.txt,German Chancellor Olaf Scholz,2076,2104,Protagonist,['Peacemaker']
EN_UA_001052.txt,Blinken,2945,2951,Protagonist,['Peacemaker']
EN_CC_200191.txt,Scottish government,898,916,Antagonist,['Tyrant']
EN_CC_200191.txt,the United Nations,922,939,Antagonist,['Tyrant']
EN_CC_200191.txt,NATO,2411,2414,Antagonist,['Conspirator']
EN_UA_021918.txt,China’s Liberation Army,1593,1615,Antagonist,['Foreign Adversary']
EN_UA_300139.txt,Kiev,213,216,Antagonist,['Corrupt']
EN_UA_300139.txt,Vladimir Zelensky,1096,1112,Antagonist,"['Incompetent', 'Corrupt']"
EN_UA_300139.txt,Ruslan Stefanchuk,1929,1945,Antagonist,['Corrupt']
EN_UA_300139.txt,Mykola Stefanchuck,2513,2530,Antagonist,['Corrupt']
EN_UA_300139.txt,Marina Stefanchuk,2547,2563,Antagonist,['Corrupt']
EN_UA_300139.txt,Ukrainians,2848,2857,Innocent,"['Exploited', 'Victim']"
EN_UA_300139.txt,Vasily Prozorov,3826,3840,Protagonist,['Martyr']
EN_UA_100688.txt,Kremlin,1842,1848,Antagonist,['Instigator']
EN_UA_100688.txt,Russia,2091,2096,Antagonist,['Instigator']
EN_UA_100688.txt,Ukrainians,2887,2896,Protagonist,['Guardian']
EN_UA_100688.txt,Vladimir Putin,4045,4058,Antagonist,['Instigator']
EN_CC_200168.txt,Caroline van der Plas,227,247,Antagonist,"['Deceiver', 'Corrupt']"
EN_CC_200168.txt,Trump,566,570,Antagonist,['Tyrant']
EN_CC_100066.txt,California Resources Corp,1475,1499,Antagonist,['Conspirator']
EN_UA_300023.txt,Russia,85,90,Antagonist,['Foreign Adversary']
EN_UA_300023.txt,Russia,1293,1298,Antagonist,['Instigator']
EN_UA_300023.txt,Ukraine,1308,1314,Innocent,['Victim']
EN_UA_300023.txt,Moscow,1367,1372,Antagonist,['Instigator']
EN_UA_103995.txt,Benjamin Netanyahu,617,634,Antagonist,['Instigator']
EN_UA_103995.txt,Yahya al-Sinwar,2841,2855,Antagonist,['Instigator']
EN_UA_017831.txt,Mike Pence,107,116,Antagonist,['Traitor']
EN_UA_017831.txt,Biden administration,499,518,Antagonist,['Incompetent']
EN_UA_017831.txt,Ukraine,531,537,Innocent,['Victim']
EN_UA_017831.txt,United States,829,841,Innocent,['Forgotten']
EN_UA_017831.txt,America,1742,1748,Innocent,['Victim']
EN_UA_017831.txt,Vladimir Putin,3056,3069,Antagonist,['Foreign Adversary']
EN_CC_200110.txt,Morfogen,395,402,Innocent,['Victim']
EN_CC_200110.txt,Democrats,3438,3446,Antagonist,['Bigot']
EN_UA_016012.txt,Russia,188,193,Antagonist,['Foreign Adversary']
EN_UA_016012.txt,Ukraine,234,240,Innocent,['Victim']
EN_UA_016012.txt,Vladimir Putin,393,406,Antagonist,['Tyrant']
EN_UA_016012.txt,Zinchenko,1339,1347,Protagonist,['Martyr']
EN_UA_016012.txt,Wladimir Klitschko,1442,1459,Protagonist,['Martyr']
EN_UA_016012.txt,Oleksandr Usyk,1462,1475,Protagonist,['Martyr']
EN_UA_016012.txt,Vasyl Lomachenko,1481,1496,Protagonist,['Martyr']
EN_UA_300000.txt,Putin,430,434,Antagonist,['Tyrant']
EN_CC_200105.txt,World Economic Forum-,102,122,Antagonist,['Conspirator']
EN_CC_200105.txt,Netherlands,131,141,Antagonist,['Tyrant']
EN_CC_200105.txt,Bill Gates,580,589,Antagonist,['Deceiver']
EN_CC_200105.txt,Mark Van den Oever,1042,1059,Protagonist,['Rebel']
EN_CC_200105.txt,Farmers Defence Force,1918,1938,Protagonist,"['Rebel', 'Guardian']"
EN_CC_200105.txt,Canada,3846,3851,Innocent,['Exploited']
EN_CC_100038.txt,the Fed,608,614,Antagonist,['Tyrant']
EN_CC_100038.txt,the Fed,1081,1087,Antagonist,['Incompetent']
EN_CC_200141.txt,King Charles III,1322,1337,Antagonist,['Corrupt']
EN_CC_200234.txt,World Economic Forum (WEF,792,816,Antagonist,['Conspirator']
EN_CC_200234.txt,United Nations (UN,823,840,Antagonist,['Conspirator']
EN_CC_200234.txt,Gates,1248,1252,Antagonist,['Deceiver']
EN_UA_103517.txt,Gershkovich,636,646,Protagonist,['Underdog']
EN_UA_103517.txt,Putin,1742,1746,Antagonist,['Tyrant']
EN_UA_300090.txt,NATO,1042,1045,Antagonist,['Deceiver']
EN_UA_300090.txt,Ukraine,1051,1057,Antagonist,['Deceiver']
EN_UA_300071.txt,Russia,1838,1843,Innocent,['Victim']
EN_CC_200113.txt,Trump,280,284,Antagonist,['Deceiver']
EN_CC_200262.txt,de,2068,2069,Antagonist,['Incompetent']
EN_UA_100210.txt,Kiev,602,605,Antagonist,['Instigator']
EN_CC_100050.txt,United Nations,206,219,Antagonist,['Tyrant']
EN_CC_100003.txt,Justin Trudeau,473,486,Antagonist,['Traitor']
EN_CC_100003.txt,Fonda,1391,1395,Antagonist,['Incompetent']
EN_UA_300016.txt,President Biden,204,218,Antagonist,['Corrupt']
EN_UA_300016.txt,China,616,620,Antagonist,['Foreign Adversary']
EN_UA_300016.txt,President Trump,873,887,Innocent,['Scapegoat']
EN_UA_021872.txt,Finland,89,95,Antagonist,['Instigator']
EN_UA_021872.txt,Poland,235,240,Antagonist,['Foreign Adversary']
EN_UA_DEV_216.txt,Europe,305,310,Antagonist,['Incompetent']
EN_UA_DEV_216.txt,EU,501,502,Antagonist,['Incompetent']
EN_UA_DEV_216.txt,Hungary,573,579,Protagonist,['Underdog']
EN_UA_DEV_216.txt,Europe's,1823,1830,Innocent,['Exploited']
EN_UA_DEV_216.txt,the U.S,1845,1851,Antagonist,['Tyrant']
EN_CC_200134.txt,Leftist elites,79,92,Antagonist,['Conspirator']
EN_CC_200134.txt,Europe,245,250,Innocent,['Victim']
EN_CC_200134.txt,North America,256,268,Innocent,['Victim']
EN_CC_200134.txt,UN,2948,2949,Antagonist,['Terrorist']
EN_CC_200327.txt,Ella Whelan,76,86,Antagonist,['Deceiver']
EN_CC_200327.txt,Spiked,299,304,Antagonist,['Bigot']
EN_CC_200327.txt,Spiked,555,560,Antagonist,['Corrupt']
EN_CC_200154.txt,President Joe Biden,82,100,Antagonist,['Corrupt']
EN_CC_200154.txt,Biden,1984,1988,Antagonist,['Deceiver']
EN_UA_013727.txt,U.S,99,101,Protagonist,['Virtuous']
EN_UA_013727.txt,Vladimir Putin,473,486,Antagonist,['Tyrant']
EN_UA_013727.txt,U.S,1208,1210,Antagonist,['Corrupt']
EN_UA_013727.txt,NATO,1217,1220,Antagonist,['Corrupt']
EN_UA_013727.txt,U.S,1438,1440,Antagonist,['Tyrant']
EN_UA_013727.txt,NATO,1447,1450,Antagonist,['Tyrant']
EN_UA_013727.txt,Ukraine,1670,1676,Innocent,['Victim']
EN_UA_012803.txt,Putin,124,128,Antagonist,['Incompetent']
EN_UA_012803.txt,Vladimir Putin,246,259,Antagonist,['Deceiver']
EN_UA_012803.txt,Russian government,1828,1845,Antagonist,['Conspirator']
EN_UA_012803.txt,Kremlin,2104,2110,Antagonist,['Deceiver']
EN_CC_300064.txt,'Letzte Generation' (Last Generation,303,338,Antagonist,"['Conspirator', 'Terrorist']"
EN_UA_104523.txt,America’s,3166,3174,Antagonist,['Foreign Adversary']
EN_UA_300070.txt,BIDEN,107,111,Antagonist,['Corrupt']
EN_CC_200227.txt,COP28,170,174,Antagonist,['Corrupt']
EN_CC_200227.txt,Guardian,1838,1845,Protagonist,['Rebel']
EN_CC_200227.txt,Mr Al Jaber,1881,1891,Antagonist,['Corrupt']
EN_CC_100124.txt,Michael Mann,586,597,Antagonist,['Deceiver']
EN_CC_100124.txt,Al Gore,660,666,Antagonist,['Bigot']
EN_CC_100002.txt,Piers Corbyn,809,820,Protagonist,['Rebel']
EN_CC_200048.txt,JBS,261,263,Antagonist,"['Deceiver', 'Corrupt']"
EN_CC_200048.txt,Letitia James,1339,1351,Antagonist,['Bigot']
EN_UA_103861.txt,Chinese,791,797,Antagonist,['Spy']
EN_UA_103861.txt,China,1516,1520,Antagonist,['Instigator']
EN_UA_103861.txt,Hamas,2121,2125,Antagonist,['Terrorist']
EN_UA_103861.txt,Donald Trump,4909,4920,Protagonist,"['Peacemaker', 'Guardian']"
EN_UA_103403.txt,Moscow,2007,2012,Antagonist,['Instigator']
EN_UA_300084.txt,Pentagon,85,92,Antagonist,['Deceiver']
EN_UA_300084.txt,Kiev,244,247,Antagonist,['Corrupt']
EN_UA_300076.txt,Ukraine,874,880,Antagonist,"['Deceiver', 'Terrorist']"
EN_UA_300076.txt,West,890,893,Antagonist,"['Deceiver', 'Terrorist']"
EN_UA_300076.txt,West,1533,1536,Antagonist,['Conspirator']
EN_UA_027676.txt,Nato,218,221,Protagonist,['Guardian']
EN_UA_027676.txt,Russia,296,301,Antagonist,['Foreign Adversary']
EN_UA_027676.txt,China,307,311,Antagonist,['Foreign Adversary']
EN_UA_027676.txt,Putin,353,357,Antagonist,['Tyrant']
EN_UA_027676.txt,Kyiv,374,377,Innocent,['Victim']
EN_UA_027676.txt,Putin,1064,1068,Antagonist,['Instigator']
EN_UA_027676.txt,China,2348,2352,Antagonist,['Foreign Adversary']
EN_UA_027676.txt,North Korea,2358,2368,Antagonist,['Foreign Adversary']
EN_UA_027676.txt,the US,2648,2653,Protagonist,['Guardian']
EN_UA_017310.txt,US,909,910,Protagonist,['Guardian']
EN_UA_017310.txt,Ukraine,924,930,Protagonist,['Underdog']
EN_CC_200097.txt,Climate Emergency Fund,1448,1469,Antagonist,['Conspirator']
EN_CC_200097.txt,Rory Kennedy,2067,2078,Antagonist,['Conspirator']
EN_CC_200097.txt,Aileen Getty,2129,2140,Antagonist,['Conspirator']
EN_CC_200097.txt,Adam McKay,2269,2278,Antagonist,['Conspirator']
EN_CC_200097.txt,Jeremy Strong,2420,2432,Antagonist,['Conspirator']
EN_CC_200097.txt,Thomas Middleditch,2546,2563,Antagonist,['Conspirator']
EN_CC_200097.txt,Abigail Disney,2570,2583,Antagonist,['Conspirator']
EN_CC_200058.txt,Donald Zepeda,468,480,Protagonist,['Rebel']
EN_CC_200058.txt,ackson Green,492,503,Protagonist,['Rebel']
EN_CC_200324.txt,Al Jaber,1980,1987,Antagonist,['Saboteur']
EN_CC_200324.txt,COP28,2005,2009,Antagonist,['Corrupt']
EN_UA_300005.txt,Orbán,664,668,Protagonist,['Peacemaker']
EN_UA_300005.txt,Meloni,819,824,Antagonist,['Instigator']
EN_UA_300005.txt,Meloni,1033,1038,Antagonist,"['Incompetent', 'Traitor']"
EN_UA_026697.txt,Slovak Prime Minister Robert Fico,631,663,Innocent,['Victim']
EN_UA_026697.txt,Victor Orban,1269,1280,Protagonist,['Virtuous']
EN_UA_026697.txt,von der Leyen,1594,1606,Antagonist,['Corrupt']
EN_UA_026697.txt,Jourova,1612,1618,Antagonist,['Corrupt']
EN_UA_300133.txt,Islamabad,558,566,Antagonist,['Deceiver']
EN_UA_300133.txt,Vladimir Putin,1912,1925,Antagonist,['Instigator']
EN_UA_300142.txt,Russia,331,336,Antagonist,['Foreign Adversary']
EN_UA_300142.txt,Charles McGonigal,365,381,Antagonist,"['Conspirator', 'Corrupt']"
EN_UA_300142.txt,Oleg Deripaska,762,775,Antagonist,['Corrupt']
EN_UA_300142.txt,Vladimir Putin,2434,2447,Antagonist,['Tyrant']
EN_UA_101067.txt,RIA Novosti,3825,3835,Antagonist,['Deceiver']
EN_UA_300022.txt,Janet Yellen,93,104,Antagonist,"['Incompetent', 'Deceiver']"
EN_UA_300052.txt,Russia,271,276,Innocent,['Victim']
EN_UA_300052.txt,Russian people in the West,422,447,Innocent,['Victim']
EN_UA_300052.txt,Munich Philharmonic Orchestra,656,684,Antagonist,['Bigot']
EN_UA_300052.txt,Carnegie Hall,747,759,Antagonist,['Bigot']
EN_CC_200132.txt,Sri Lanka’s,1404,1414,Antagonist,['Incompetent']
EN_UA_024847.txt,United States,89,101,Antagonist,"['Saboteur', 'Conspirator']"
EN_UA_024847.txt,Washington,439,448,Antagonist,['Conspirator']
EN_UA_024847.txt,Joe Biden,622,630,Antagonist,['Saboteur']
EN_UA_024847.txt,Seymour Hersh,1351,1363,Protagonist,['Virtuous']
EN_UA_024847.txt,Ukraine,2559,2565,Antagonist,"['Saboteur', 'Instigator']"
EN_UA_024847.txt,Russia,2674,2679,Innocent,['Scapegoat']
EN_UA_024847.txt,Ukraine,2800,2806,Antagonist,"['Saboteur', 'Conspirator']"
EN_UA_015443.txt,Ukraine,732,738,Protagonist,['Underdog']
EN_CC_100047.txt,John Kerry,437,446,Antagonist,['Deceiver']
EN_CC_100047.txt,Democrats,905,913,Antagonist,['Corrupt']
EN_UA_023008.txt,Davos/UK dominated media,372,395,Antagonist,['Deceiver']
EN_UA_023008.txt,Carlson,2801,2807,Innocent,['Scapegoat']
EN_UA_023008.txt,Hillary Clinton,2822,2836,Antagonist,['Deceiver']
EN_CC_200292.txt,Pope Francis,317,328,Antagonist,['Deceiver']
EN_CC_200292.txt,The United Nations,524,541,Antagonist,['Corrupt']
EN_CC_200292.txt,Greta Thunberg,544,557,Antagonist,['Corrupt']
EN_CC_200292.txt,Alexandria Ocasio-Cortez,560,583,Antagonist,['Corrupt']
EN_UA_300006.txt,Joe Biden,148,156,Antagonist,"['Conspirator', 'Incompetent']"
EN_UA_300006.txt,Ukraine,690,696,Innocent,['Victim']
EN_UA_300006.txt,Ukraine,1125,1131,Innocent,['Victim']
EN_CC_200289.txt,IPCC,89,92,Antagonist,['Deceiver']
EN_CC_200289.txt,NOAA,98,101,Antagonist,['Deceiver']
EN_UA_013617.txt,President Vladimir Putin,929,952,Protagonist,['Virtuous']
EN_UA_013617.txt,Putin,1125,1129,Protagonist,['Guardian']
EN_UA_013617.txt,ICC,1361,1363,Antagonist,['Corrupt']
EN_UA_013617.txt,American Secretary of State Madeleine Albright,1400,1445,Antagonist,['Corrupt']
EN_UA_013617.txt,John Bolton,1646,1656,Antagonist,['Tyrant']
EN_UA_013617.txt,Russia,2414,2419,Protagonist,['Virtuous']
EN_UA_013617.txt,China,2425,2429,Protagonist,['Virtuous']
EN_UA_013617.txt,Saudi Arabia,2682,2693,Protagonist,['Virtuous']
EN_UA_013617.txt,Iran,2699,2702,Protagonist,['Virtuous']
EN_UA_013617.txt,America,3039,3045,Antagonist,['Tyrant']
EN_UA_013617.txt,Western allies,3055,3068,Antagonist,['Tyrant']
EN_CC_200221.txt,Gorbachev,71,79,Antagonist,['Conspirator']
EN_CC_200221.txt,Al Gore,82,88,Antagonist,['Conspirator']
EN_CC_200221.txt,Carl Sagan,94,103,Antagonist,['Conspirator']
EN_CC_200221.txt,Larry Summers,2484,2496,Antagonist,['Conspirator']
EN_CC_200221.txt,USAID,2498,2502,Antagonist,['Conspirator']
EN_CC_200221.txt,Andrei Shleifer,2508,2522,Antagonist,['Conspirator']
EN_UA_024050.txt,U.K,185,187,Antagonist,['Conspirator']
EN_UA_024050.txt,German generals,514,528,Antagonist,['Conspirator']
EN_UA_024050.txt,German generals,981,995,Antagonist,['Incompetent']
EN_UA_024050.txt,German Army,1230,1240,Antagonist,['Incompetent']
EN_UA_024050.txt,Russia,1381,1386,Protagonist,['Virtuous']
EN_UA_024050.txt,Germany,2176,2182,Antagonist,['Traitor']
EN_UA_024050.txt,Ukraine,2250,2256,Antagonist,['Incompetent']
EN_UA_024050.txt,France,2527,2532,Antagonist,['Conspirator']
EN_UA_024050.txt,Poland,2538,2543,Antagonist,['Conspirator']
EN_UA_024050.txt,Weimar Triangle,2900,2914,Antagonist,['Conspirator']
EN_UA_016466.txt,Putin,114,118,Antagonist,['Bigot']
EN_UA_016466.txt,Russia,2121,2126,Protagonist,['Guardian']
EN_UA_016466.txt,the West,2225,2232,Antagonist,['Foreign Adversary']
EN_CC_200073.txt,Riley Moore,122,132,Protagonist,['Guardian']
EN_CC_200073.txt,BlackRock’s,1119,1129,Antagonist,['Deceiver']
EN_CC_200073.txt,BlackRock,1292,1300,Antagonist,['Bigot']
EN_CC_200073.txt,DeSantis,2139,2146,Antagonist,['Incompetent']
EN_UA_026142.txt,Israel,535,540,Antagonist,"['Instigator', 'Tyrant']"
EN_UA_026142.txt,Palestinians,569,580,Innocent,['Victim']
EN_UA_026142.txt,US-,590,592,Antagonist,['Foreign Adversary']
EN_UA_026142.txt,Iran,616,619,Innocent,['Victim']
EN_UA_026142.txt,Biden,1284,1288,Antagonist,['Instigator']
EN_UA_026142.txt,Sunak,1291,1295,Antagonist,['Instigator']
EN_UA_026142.txt,Macron,1298,1303,Antagonist,['Instigator']
EN_UA_026142.txt,Scholz,1309,1314,Antagonist,['Instigator']
EN_UA_026142.txt,Julian Assange,1738,1751,Protagonist,['Martyr']
EN_UA_026142.txt,Bogdan Syrotiuk,1834,1848,Innocent,['Scapegoat']
EN_UA_026142.txt,Zelensky,1927,1934,Antagonist,['Tyrant']
EN_UA_026142.txt,Bogdan,2024,2029,Protagonist,['Martyr']
EN_UA_026142.txt,Zionist,2564,2570,Antagonist,['Bigot']
EN_UA_026142.txt,working class,2802,2814,Protagonist,['Rebel']
EN_UA_029053.txt,Putin,178,182,Antagonist,['Incompetent']
EN_UA_029053.txt,Joe Biden,871,879,Antagonist,['Incompetent']
EN_UA_029053.txt,Keir Starmer,908,919,Antagonist,['Incompetent']
EN_UA_029053.txt,Volodymyr Zelenskyy,962,980,Protagonist,['Underdog']
EN_UA_029053.txt,Russia's,1617,1624,Antagonist,['Foreign Adversary']
EN_UA_029053.txt,Ukraine,1649,1655,Innocent,['Victim']
EN_UA_029053.txt,Putin,2795,2799,Antagonist,['Tyrant']
EN_UA_029053.txt,Biden,2908,2912,Protagonist,['Peacemaker']
EN_UA_029053.txt,Ayatollah Khamenei,2994,3011,Antagonist,"['Instigator', 'Tyrant']"
EN_UA_029053.txt,Putin,3107,3111,Antagonist,['Instigator']
EN_UA_029053.txt,the West,3204,3211,Antagonist,['Incompetent']
EN_UA_300134.txt,Zelensky,56,63,Antagonist,"['Corrupt', 'Traitor']"
EN_UA_300134.txt,Ukraine,74,80,Innocent,['Victim']
EN_UA_300045.txt,Russia,113,118,Antagonist,['Instigator']
EN_UA_004209.txt,Russia,62,67,Protagonist,['Guardian']
EN_UA_004209.txt,NATO,108,111,Antagonist,['Instigator']
EN_UA_004209.txt,Vladimir Putin,122,135,Protagonist,['Guardian']
EN_UA_004209.txt,Finland,1088,1094,Antagonist,['Traitor']
EN_UA_004209.txt,Russia,2571,2576,Protagonist,['Guardian']
EN_UA_004209.txt,Minister Alexander Grushko,3053,3078,Protagonist,['Guardian']
EN_UA_004209.txt,NATO,3103,3106,Antagonist,['Conspirator']
EN_UA_027879.txt,West,103,106,Antagonist,['Conspirator']
EN_UA_027879.txt,Vladimir Putin,200,213,Protagonist,['Guardian']
EN_UA_027879.txt,the West,383,390,Antagonist,['Foreign Adversary']
EN_UA_027879.txt,Washington,857,866,Antagonist,['Conspirator']
EN_UA_027879.txt,Zelensky,1902,1909,Antagonist,['Incompetent']
EN_UA_027879.txt,Putin,2046,2050,Antagonist,['Tyrant']
EN_UA_027879.txt,Russia,2172,2177,Protagonist,['Guardian']
EN_CC_200242.txt,Biden,1120,1124,Antagonist,['Corrupt']
EN_UA_026740.txt,Israel,64,69,Antagonist,['Tyrant']
EN_UA_026740.txt,Israel,121,126,Antagonist,['Instigator']
EN_UA_026740.txt,South Africa,213,224,Protagonist,['Peacemaker']
EN_UA_026740.txt,Palestinians,960,971,Innocent,['Victim']
EN_UA_026740.txt,ICJ,1686,1688,Antagonist,['Incompetent']
EN_CC_200052.txt,António Guterres,131,146,Antagonist,['Bigot']
EN_CC_200052.txt,Pakistan,362,369,Innocent,['Exploited']
EN_CC_200052.txt,Guterres,2277,2284,Antagonist,['Incompetent']
EN_UA_008072.txt,Putin,2431,2435,Antagonist,['Incompetent']
EN_UA_029155.txt,Volodymyr Zelensky,160,177,Antagonist,"['Saboteur', 'Conspirator']"
EN_UA_029155.txt,President of Poland,183,201,Antagonist,"['Saboteur', 'Conspirator']"
EN_UA_029155.txt,Russia,644,649,Innocent,['Scapegoat']
EN_UA_029155.txt,US,2376,2377,Antagonist,['Saboteur']
EN_UA_029155.txt,US Navy,2485,2491,Antagonist,['Saboteur']
EN_UA_001032.txt,Russia,2063,2068,Antagonist,['Instigator']
EN_UA_001032.txt,Ukraine,2078,2084,Innocent,['Victim']
EN_UA_001032.txt,Joe Biden,2608,2616,Protagonist,['Guardian']
EN_UA_001032.txt,Boris Johnson,2622,2634,Protagonist,['Guardian']
EN_UA_021310.txt,China,259,263,Antagonist,['Instigator']
EN_UA_021310.txt,Philippines,308,318,Innocent,['Victim']
EN_UA_021310.txt,US,331,332,Protagonist,['Guardian']
EN_UA_021310.txt,China,1716,1720,Antagonist,['Spy']
EN_UA_021310.txt,Russia,2144,2149,Antagonist,['Foreign Adversary']
EN_UA_021310.txt,China,2155,2159,Antagonist,['Foreign Adversary']
EN_UA_021310.txt,North Korea,2274,2284,Antagonist,['Conspirator']
EN_UA_300031.txt,Russia,310,315,Antagonist,"['Instigator', 'Foreign Adversary']"
EN_UA_300031.txt,Ukraine,399,405,Innocent,['Victim']
EN_UA_300031.txt,Russian President Vladimir Putin,616,647,Antagonist,"['Instigator', 'Corrupt']"
EN_UA_104434.txt,Putin,257,261,Antagonist,['Instigator']
EN_CC_200137.txt,Andreas Malm,386,397,Antagonist,['Terrorist']
EN_CC_200137.txt,Jan Goodey,2095,2104,Antagonist,['Terrorist']
EN_CC_200137.txt,"Deanna ""Violet"" Coco",2246,2265,Antagonist,['Terrorist']
EN_UA_300127.txt,China,614,618,Antagonist,['Foreign Adversary']
EN_UA_300127.txt,Russia,624,629,Antagonist,['Foreign Adversary']
EN_CC_200092.txt,National Oceanic and Atmospheric Administration (NOAA,369,421,Antagonist,['Deceiver']
EN_CC_200092.txt,NOAA,789,792,Antagonist,"['Incompetent', 'Deceiver']"
EN_CC_200092.txt,Bill Gates,2229,2238,Antagonist,"['Instigator', 'Corrupt']"
EN_CC_200245.txt,Joe Biden,213,221,Antagonist,['Deceiver']
EN_CC_200245.txt,John Kerry,1559,1568,Antagonist,['Incompetent']
EN_CC_200245.txt,Clinton,1725,1731,Antagonist,['Corrupt']
EN_CC_200245.txt,Gore,1737,1740,Antagonist,['Corrupt']
EN_CC_200245.txt,Democrat party,2919,2932,Antagonist,['Corrupt']
EN_UA_300082.txt,Ukrainian special services,140,165,Antagonist,['Terrorist']
EN_UA_300082.txt,Russians,443,450,Innocent,['Victim']
EN_UA_300082.txt,Oleg Tsarev,593,603,Innocent,['Victim']
EN_UA_300082.txt,Kiev,975,978,Antagonist,['Terrorist']
EN_UA_300082.txt,Kiev,2064,2067,Antagonist,['Deceiver']
EN_UA_028520.txt,The European Union,311,328,Protagonist,"['Peacemaker', 'Virtuous']"
EN_UA_028520.txt,Ukraine,448,454,Protagonist,"['Rebel', 'Underdog']"
EN_UA_028520.txt,Viktor Orbán,656,667,Antagonist,['Corrupt']
EN_UA_100601.txt,Russia,2008,2013,Antagonist,['Instigator']
EN_UA_100601.txt,Belarus,2039,2045,Antagonist,['Instigator']
EN_CC_200188.txt,Biden administration’s,51,72,Antagonist,['Incompetent']
EN_CC_200188.txt,Murphy,1630,1635,Antagonist,['Incompetent']
EN_CC_200188.txt,Maryland Public Service Commission,3396,3429,Antagonist,['Incompetent']
EN_CC_200145.txt,Kerry,1050,1054,Antagonist,['Tyrant']
EN_CC_200145.txt,Kerry,1959,1963,Antagonist,['Traitor']
EN_CC_200145.txt,China,2412,2416,Antagonist,['Foreign Adversary']
EN_CC_200318.txt,The Royal College of Physicians,47,77,Antagonist,"['Bigot', 'Corrupt']"
EN_CC_200150.txt,The New York Times,87,104,Antagonist,['Deceiver']
EN_CC_200116.txt,Trudeau,192,198,Antagonist,['Corrupt']
EN_CC_200116.txt,Justin Trudeau,277,290,Antagonist,"['Incompetent', 'Bigot']"
EN_CC_200116.txt,Pierre Poilievre,648,663,Protagonist,['Guardian']
EN_UA_300032.txt,Kiev,937,940,Antagonist,['Incompetent']
EN_UA_300032.txt,London,999,1004,Antagonist,['Instigator']
EN_UA_300032.txt,the US,2121,2126,Antagonist,['Instigator']
EN_UA_300032.txt,Russia,2240,2245,Innocent,['Victim']
EN_UA_DEV_26.txt,Soviet Union,1559,1570,Innocent,['Victim']
EN_UA_DEV_26.txt,U.S,2774,2776,Antagonist,['Instigator']
EN_UA_DEV_26.txt,Kennedy,4420,4426,Protagonist,"['Peacemaker', 'Virtuous']"
EN_UA_DEV_26.txt,Khrushchev,4475,4484,Protagonist,['Peacemaker']
EN_UA_DEV_26.txt,Neville Chamberlain,5021,5039,Antagonist,['Incompetent']
EN_UA_DEV_26.txt,Hitler,5058,5063,Antagonist,['Tyrant']
EN_UA_DEV_26.txt,the Pentagon,5498,5509,Antagonist,"['Conspirator', 'Tyrant']"
EN_UA_DEV_26.txt,the CIA,5515,5521,Antagonist,"['Conspirator', 'Tyrant']"
EN_UA_021123.txt,United States,558,570,Protagonist,['Martyr']
EN_UA_021123.txt,Russian,2562,2568,Antagonist,['Saboteur']
EN_UA_012234.txt,KREMLIN propagandists,119,139,Antagonist,['Deceiver']
EN_UA_012234.txt,Solovyov,556,563,Antagonist,['Bigot']
EN_CC_200086.txt,Dr. Matthew Liao,692,707,Antagonist,"['Saboteur', 'Terrorist']"
EN_CC_200086.txt,WEF,3011,3013,Antagonist,['Conspirator']
EN_CC_100012.txt,World Economic Forum,87,106,Antagonist,['Conspirator']
EN_CC_100012.txt,the United Nations,691,708,Antagonist,['Conspirator']
EN_CC_100012.txt,Dr. Carol Baker,1775,1789,Antagonist,['Conspirator']
EN_CC_100012.txt,Bill Gates-,2228,2238,Antagonist,['Conspirator']
EN_CC_100012.txt,Biden,3520,3524,Antagonist,"['Corrupt', 'Traitor']"
EN_CC_100012.txt,Robert F. Kennedy,4416,4432,Protagonist,['Guardian']
EN_CC_200016.txt,Climate Defiance,216,231,Antagonist,"['Saboteur', 'Conspirator']"
EN_CC_200016.txt,Far Left,832,839,Antagonist,['Terrorist']
EN_CC_200016.txt,DemonRAT,842,849,Antagonist,['Terrorist']
EN_CC_200016.txt,Red Flag,852,859,Antagonist,['Terrorist']
EN_CC_200016.txt,No Sale Gun,862,872,Antagonist,['Terrorist']
EN_UA_011260.txt,Ukraine,263,269,Antagonist,"['Foreign Adversary', 'Tyrant']"
EN_UA_011260.txt,Russia,637,642,Protagonist,['Peacemaker']
EN_UA_011260.txt,Ukrainian leadership,830,849,Antagonist,"['Instigator', 'Tyrant']"
EN_UA_011260.txt,Kyiv regime,958,968,Antagonist,['Instigator']
EN_UA_011260.txt,European Union,1075,1088,Antagonist,['Conspirator']
EN_UA_011260.txt,Ukraine,1225,1231,Antagonist,['Conspirator']
EN_UA_011260.txt,Ukrainian people,1387,1402,Innocent,['Victim']
EN_CC_200144.txt,Biden administration,107,126,Antagonist,['Conspirator']
EN_CC_200144.txt,White House,411,421,Antagonist,['Conspirator']
EN_CC_200144.txt,Climate Emergency Fund (CEF,1018,1044,Antagonist,['Conspirator']
EN_CC_200144.txt,CEF,1122,1124,Antagonist,['Corrupt']
EN_CC_200144.txt,Abigail Disney,1242,1255,Antagonist,['Conspirator']
EN_CC_200144.txt,Aileen Getty,1274,1285,Antagonist,['Conspirator']
EN_CC_200144.txt,Sen. Joe Manchin,2174,2189,Innocent,['Victim']
EN_CC_200144.txt,Amy Klobuchar,3124,3136,Innocent,['Victim']
EN_CC_200022.txt,World Economic Forum,408,427,Antagonist,['Conspirator']
EN_CC_200022.txt,Denmark,585,591,Antagonist,['Bigot']
EN_CC_200022.txt,United Nations Environment Program,2289,2322,Antagonist,['Deceiver']
EN_UA_013257.txt,Russia,375,380,Protagonist,['Underdog']
EN_UA_013257.txt,Russia,944,949,Innocent,['Victim']
EN_UA_013257.txt,Russia,1590,1595,Protagonist,['Guardian']
EN_UA_013257.txt,Western countries,1667,1683,Antagonist,['Saboteur']
EN_UA_013257.txt,Russia,1763,1768,Protagonist,['Virtuous']
EN_UA_000104.txt,Biden administration,188,207,Protagonist,['Guardian']
EN_UA_000104.txt,Russia,513,518,Antagonist,['Instigator']
EN_UA_000104.txt,Ukraine,890,896,Innocent,['Victim']
EN_UA_000104.txt,Biden administration,1210,1229,Protagonist,['Peacemaker']
EN_UA_000104.txt,government of Germany,2223,2243,Antagonist,['Incompetent']
EN_UA_000104.txt,McConnell,2512,2520,Protagonist,['Guardian']
PT_21.txt,Emmanuel Macron,170,184,Antagonist,['Instigator']
PT_21.txt,NATO,542,545,Protagonist,['Peacemaker']
PT_21.txt,Olaf Scholz,961,971,Protagonist,['Peacemaker']
PT_21.txt,Dmitry Peskov,2008,2020,Protagonist,['Guardian']
PT_21.txt,NATO,2177,2180,Antagonist,['Foreign Adversary']
PT_99.txt,Dmitry Medvedev,103,117,Protagonist,['Guardian']
PT_99.txt,Ucrânia,142,148,Antagonist,['Foreign Adversary']
PT_99.txt,NATO,152,155,Antagonist,['Foreign Adversary']
PT_99.txt,Organização do Tratado do Atlântico Norte,308,348,Protagonist,['Guardian']
PT_99.txt,Ucrânia,413,419,Innocent,['Victim']
PT_99.txt,Medvedev,582,589,Protagonist,['Guardian']
PT_168.txt,Climáximo,281,289,Protagonist,['Rebel']
PT_168.txt,Navigator,349,357,Antagonist,['Corrupt']
PT_168.txt,Alice Gato,965,974,Protagonist,['Rebel']
PT_168.txt,Estado,1149,1154,Antagonist,['Corrupt']
PT_168.txt,Governos,1578,1585,Antagonist,['Corrupt']
PT_168.txt,Navigator,1609,1617,Antagonist,['Corrupt']
PT_84.txt,Volodymyr Zelensky,111,128,Protagonist,['Peacemaker']
PT_84.txt,Rússia,370,375,Antagonist,['Foreign Adversary']
PT_362.txt,Zelensky,807,814,Antagonist,['Foreign Adversary']
PT_362.txt,Zelensky,1087,1094,Antagonist,['Tyrant']
PT_362.txt,Ucrânia,1133,1139,Innocent,['Victim']
PT_362.txt,Kiev,1526,1529,Antagonist,['Foreign Adversary']
PT_362.txt,Exército russo,1872,1885,Protagonist,"['Virtuous', 'Guardian']"
PT_URW_410.txt,Ucrânia,122,128,Antagonist,"['Instigator', 'Foreign Adversary']"
PT_URW_410.txt,NATO,194,197,Antagonist,['Conspirator']
PT_URW_410.txt,Kiev,586,589,Antagonist,['Conspirator']
PT_URW_410.txt,Ocidente,1922,1929,Antagonist,['Foreign Adversary']
PT_URW_410.txt,Kiev,1999,2002,Antagonist,['Terrorist']
PT_URW_410.txt,Kiev,2367,2370,Antagonist,['Conspirator']
PT_265.txt,Moscovo,150,156,Innocent,['Victim']
PT_137.txt,Donald Trump,568,579,Antagonist,['Incompetent']
PT_137.txt,Trump,1003,1007,Antagonist,['Bigot']
PT_137.txt,Trump,1670,1674,Innocent,['Victim']
PT_05.txt,Kremlin,1203,1209,Protagonist,['Guardian']
PT_05.txt,Ocidente,1282,1289,Antagonist,['Foreign Adversary']
PT_05.txt,Ucrânia,1293,1299,Antagonist,['Foreign Adversary']
PT_05.txt,Organização do Tratado do Atlântico Norte (NATO,1463,1509,Antagonist,['Foreign Adversary']
PT_05.txt,EUA,1749,1751,Antagonist,['Foreign Adversary']
PT_331.txt,Lula,2277,2280,Protagonist,['Guardian']
PT_331.txt,Amazónia,2395,2402,Innocent,['Exploited']
PT_184.txt,Rio Grande do Sul,167,183,Innocent,['Victim']
PT_184.txt,Rio Grande do Sul,502,518,Innocent,['Victim']
PT_378.txt,Kiev,371,374,Antagonist,['Terrorist']
PT_378.txt,Ucrânia,424,430,Antagonist,['Terrorist']
PT_378.txt,Alemanha,1059,1066,Antagonist,['Bigot']
PT_378.txt,Itália,1069,1074,Antagonist,['Bigot']
PT_378.txt,Portugal,1078,1085,Antagonist,['Bigot']
PT_378.txt,Terceira Via Alemã,1187,1204,Antagonist,['Bigot']
PT_378.txt,Partido Nacional Democrático da Alemanha,1210,1249,Antagonist,['Bigot']
PT_378.txt,Falange Espanhola,1254,1270,Antagonist,['Bigot']
PT_378.txt,Força Nova Italiana,1338,1356,Antagonist,['Bigot']
PT_378.txt,Casa Pound,1362,1371,Antagonist,['Bigot']
PT_378.txt,Irmandade Ariana Portuguesa,1376,1402,Antagonist,['Bigot']
PT_378.txt,Portugal Hammerskins,1407,1426,Antagonist,['Bigot']
PT_378.txt,Frente Nacional,1431,1445,Antagonist,['Bigot']
PT_378.txt,Resistência Nacional,1450,1469,Antagonist,['Bigot']
PT_378.txt,Nova Ordem Social,1474,1490,Antagonist,['Bigot']
PT_300.txt,Ucrânia,374,380,Antagonist,['Foreign Adversary']
PT_300.txt,Ministério da Defesa,496,515,Protagonist,['Guardian']
PT_300.txt,Kiev,1167,1170,Antagonist,"['Conspirator', 'Foreign Adversary']"
PT_300.txt,Kiev,1778,1781,Antagonist,['Terrorist']
PT_297.txt,Rússia,3051,3056,Protagonist,['Guardian']
PT_369.txt,Vladimir Rogov,270,283,Protagonist,['Guardian']
PT_369.txt,Kiev,1573,1576,Antagonist,"['Bigot', 'Terrorist', 'Tyrant']"
PT_369.txt,Rússia,1763,1768,Innocent,['Victim']
PT_369.txt,Ucrânia,1796,1802,Antagonist,"['Bigot', 'Terrorist', 'Tyrant']"
PT_386.txt,Ucrânia,240,246,Antagonist,['Incompetent']
PT_386.txt,Europa,366,371,Antagonist,['Incompetent']
PT_386.txt,Zelensky,1030,1037,Antagonist,"['Incompetent', 'Instigator']"
PT_28.txt,Ucrânia,170,176,Antagonist,['Corrupt']
PT_28.txt,Ocidente,425,432,Antagonist,['Corrupt']
PT_28.txt,Kiev,499,502,Antagonist,['Corrupt']
PT_28.txt,Rússia,513,518,Innocent,['Victim']
PT_28.txt,Vladimir Zelensky,716,732,Antagonist,['Corrupt']
PT_28.txt,República Popular de Donetsk,1095,1122,Innocent,['Victim']
PT_28.txt,Washington,1769,1778,Antagonist,['Corrupt']
PT_28.txt,Rússia,2227,2232,Innocent,['Scapegoat']
PT_28.txt,Ocidente,2388,2395,Antagonist,['Deceiver']
PT_28.txt,Estados Unidos,2598,2611,Antagonist,['Corrupt']
PT_121.txt,Federação da Rússia,403,421,Innocent,['Victim']
PT_121.txt,Ucrânia,1082,1088,Antagonist,['Foreign Adversary']
PT_288.txt,Syrsky,737,742,Protagonist,['Guardian']
PT_288.txt,Rússia,816,821,Antagonist,['Foreign Adversary']
PT_37.txt,Rússia,101,106,Protagonist,['Guardian']
PT_37.txt,NATO,137,140,Antagonist,['Foreign Adversary']
PT_37.txt,NATO,424,427,Antagonist,['Instigator']
PT_37.txt,Putin,1221,1225,Innocent,['Victim']
PT_37.txt,Putin,1754,1758,Protagonist,['Guardian']
PT_37.txt,Ucrânia,1798,1804,Antagonist,['Foreign Adversary']
PT_37.txt,NATO,1832,1835,Antagonist,['Foreign Adversary']
PT_37.txt,Moscovo,2149,2155,Protagonist,['Peacemaker']
PT_199.txt,Fleischmann,1538,1548,Protagonist,['Guardian']
PT_354.txt,NATO,284,287,Antagonist,"['Conspirator', 'Foreign Adversary']"
PT_354.txt,União Europeia,294,307,Antagonist,"['Conspirator', 'Foreign Adversary']"
PT_354.txt,Rússia,323,328,Innocent,['Victim']
PT_354.txt,Forças Armadas,422,435,Antagonist,['Foreign Adversary']
PT_354.txt,Rússia,1212,1217,Protagonist,['Guardian']
PT_354.txt,Donetsk,1356,1362,Innocent,['Victim']
PT_354.txt,Lugansk,1366,1372,Innocent,['Victim']
PT_354.txt,Vladimir Putin,1465,1478,Protagonist,['Guardian']
PT_354.txt,Kiev,1586,1589,Antagonist,['Tyrant']
PT_92.txt,Serguei Riabkov,158,172,Protagonist,['Guardian']
PT_92.txt,Estados Unidos da América,261,285,Antagonist,['Foreign Adversary']
PT_75.txt,Kiev,827,830,Innocent,['Victim']
PT_75.txt,Moscovo,1011,1017,Antagonist,['Foreign Adversary']
PT_371.txt,Europa,106,111,Antagonist,['Bigot']
PT_371.txt,Rússia,115,120,Innocent,['Victim']
PT_371.txt,EUA,199,201,Antagonist,['Foreign Adversary']
PT_371.txt,Ocidente,357,364,Antagonist,['Tyrant']
PT_371.txt,União Europeia,765,778,Antagonist,['Tyrant']
PT_45.txt,Zelensky,717,724,Antagonist,['Corrupt']
PT_45.txt,Ocidente,1846,1853,Antagonist,['Foreign Adversary']
PT_45.txt,Ucrânia,3101,3107,Innocent,['Victim']
PT_403.txt,Terra,951,955,Innocent,['Victim']
PT_403.txt,Amazónia,2063,2070,Innocent,['Victim']
PT_403.txt,Sociedade Zoológica de Londres (Instituto de Zoologia,2610,2662,Protagonist,['Guardian']
PT_128.txt,Maria Zakharova,128,142,Protagonist,['Virtuous']
PT_128.txt,Volodymyr Zelensky,195,212,Antagonist,['Deceiver']
PT_128.txt,Ucrânia,518,524,Innocent,"['Victim', 'Forgotten']"
PT_128.txt,Zelensky,697,704,Antagonist,"['Saboteur', 'Incompetent']"
PT_128.txt,Zelensky,960,967,Antagonist,"['Terrorist', 'Tyrant']"
PT_128.txt,Zelensky,1057,1064,Antagonist,['Deceiver']
PT_128.txt,Kyiv,1387,1390,Antagonist,['Saboteur']
PT_273.txt,Rússia,456,461,Innocent,['Victim']
PT_273.txt,Ucrânia,853,859,Antagonist,['Incompetent']
PT_290.txt,Rio Grande do Sul,167,183,Innocent,['Victim']
PT_145.txt,Chios,362,366,Innocent,['Victim']
PT_145.txt,Kos,370,372,Innocent,['Victim']
PT_145.txt,Grécia,738,743,Innocent,['Victim']
PT_22.txt,Estados Unidos,712,725,Antagonist,['Saboteur']
PT_22.txt,Joe Biden,816,824,Antagonist,['Saboteur']
PT_22.txt,Rússia,887,892,Innocent,['Victim']
PT_22.txt,Ucrânia,922,928,Antagonist,['Foreign Adversary']
PT_22.txt,Dan Lazare,1311,1320,Protagonist,['Virtuous']
PT_22.txt,Dinamarca,1390,1398,Antagonist,['Deceiver']
PT_22.txt,EUA,2941,2943,Antagonist,['Traitor']
PT_136.txt,Estados Unidos,487,500,Innocent,['Victim']
PT_136.txt,Europa,503,508,Innocent,['Victim']
PT_136.txt,Rússia,512,517,Innocent,['Victim']
PT_152.txt,Climáximo,145,153,Antagonist,['Instigator']
PT_152.txt,Noah Zino,983,991,Protagonist,['Virtuous']
PT_06.txt,Estados Unidos,105,118,Antagonist,['Deceiver']
PT_06.txt,Serviço de Informações Externas russo,235,271,Protagonist,['Guardian']
PT_06.txt,Joe Biden,560,568,Antagonist,['Deceiver']
PT_06.txt,Washington,710,719,Antagonist,['Deceiver']
PT_06.txt,Vladimir Zelensky,771,787,Antagonist,['Foreign Adversary']
PT_06.txt,O Departamento de Estado dos EUA,831,862,Antagonist,['Deceiver']
PT_06.txt,Daesh,1173,1177,Innocent,['Scapegoat']
PT_06.txt,Moscovo,1285,1291,Innocent,['Victim']
PT_06.txt,Kiev,1408,1411,Antagonist,['Terrorist']
PT_06.txt,Rússia,1464,1469,Innocent,['Victim']
PT_06.txt,Kirill Budanov,1631,1644,Antagonist,['Terrorist']
PT_06.txt,Vasily Malyuk,1690,1702,Antagonist,['Terrorist']
PT_06.txt,Ministério dos Negócios Estrangeiros russo,1784,1825,Protagonist,['Guardian']
PT_06.txt,Daria Dugina,2082,2093,Innocent,['Victim']
PT_06.txt,Vladlen Tatarsky,2097,2112,Innocent,['Victim']
PT_06.txt,Ucrânia,2204,2210,Antagonist,['Terrorist']
PT_12.txt,Ocidente,296,303,Antagonist,"['Conspirator', 'Instigator']"
PT_12.txt,Zelensky,1295,1302,Antagonist,['Incompetent']
PT_12.txt,Aleksandr Syrsky,1362,1377,Antagonist,['Incompetent']
PT_12.txt,Washington,2046,2055,Antagonist,['Conspirator']
PT_12.txt,Serviço de Segurança da Ucrânia,2189,2219,Antagonist,['Conspirator']
PT_12.txt,Azov,2279,2282,Antagonist,"['Conspirator', 'Terrorist']"
PT_12.txt,Aidar,2286,2290,Antagonist,"['Conspirator', 'Terrorist']"
PT_12.txt,Kiev,2662,2665,Antagonist,['Foreign Adversary']
PT_12.txt,Londres,2716,2722,Antagonist,['Foreign Adversary']
PT_12.txt,Washington,2726,2735,Antagonist,['Foreign Adversary']
PT_12.txt,EUA,2972,2974,Antagonist,['Foreign Adversary']
PT_363.txt,Moscovo,795,801,Protagonist,['Guardian']
PT_363.txt,Rússia,1259,1264,Protagonist,['Guardian']
PT_363.txt,Kiev,1529,1532,Antagonist,['Conspirator']
PT_363.txt,NATO,1982,1985,Antagonist,['Foreign Adversary']
PT_363.txt,Rússia,2050,2055,Innocent,['Victim']
PT_98.txt,Vyacheslav Gladkov,240,257,Protagonist,['Guardian']
PT_98.txt,Belgorod,977,984,Innocent,['Victim']
PT_98.txt,Ucrânia,1180,1186,Innocent,['Victim']
PT_98.txt,Vladimir Putin,1400,1413,Protagonist,['Guardian']
PT_185.txt,Rio Grande do Sul,98,114,Innocent,['Victim']
PT_83.txt,Zelensky,493,500,Antagonist,['Incompetent']
PT_167.txt,António Guterres,1751,1766,Protagonist,['Virtuous']
PT_289.txt,Rússia,91,96,Protagonist,['Guardian']
PT_289.txt,Rosatom,744,750,Protagonist,['Guardian']
PT_289.txt,Moscovo,1119,1125,Protagonist,['Guardian']
PT_289.txt,Kiev,1724,1727,Antagonist,"['Instigator', 'Foreign Adversary']"
PT_289.txt,Maria Zajarova,1820,1833,Protagonist,['Guardian']
PT_27.txt,União Europeia,132,145,Antagonist,['Instigator']
PT_27.txt,Ocidente,592,599,Antagonist,['Foreign Adversary']
PT_27.txt,Ocidente,646,653,Antagonist,['Instigator']
PT_27.txt,Rússia,1384,1389,Innocent,['Victim']
PT_27.txt,Moscovo,1603,1609,Protagonist,['Peacemaker']
PT_27.txt,Rússia,1659,1664,Protagonist,['Peacemaker']
PT_27.txt,Ocidente,1670,1677,Antagonist,['Foreign Adversary']
PT_27.txt,EUA,1902,1904,Antagonist,['Deceiver']
PT_27.txt,Ucrânia,2057,2063,Antagonist,['Foreign Adversary']
PT_27.txt,Zelensky,2271,2278,Antagonist,['Saboteur']
PT_27.txt,Putin,2352,2356,Protagonist,['Peacemaker']
PT_280.txt,Kiev,163,166,Antagonist,['Instigator']
PT_280.txt,Kiev,1232,1235,Antagonist,['Conspirator']
PT_280.txt,Ucrânia,1509,1515,Antagonist,['Instigator']
PT_131.txt,Volodymyr Zelensky,114,131,Antagonist,['Foreign Adversary']
PT_131.txt,Dmitry Peskov,264,276,Protagonist,['Peacemaker']
PT_131.txt,Rússia,1133,1138,Protagonist,['Peacemaker']
PT_385.txt,Stoltenberg,541,551,Antagonist,['Deceiver']
PT_385.txt,NATO,1628,1631,Antagonist,['Deceiver']
PT_279.txt,NATO,242,245,Antagonist,['Conspirator']
PT_279.txt,Kiev,362,365,Antagonist,['Incompetent']
PT_279.txt,Washington,446,455,Antagonist,['Conspirator']
PT_279.txt,Kiev,652,655,Antagonist,['Instigator']
PT_279.txt,EUA,1596,1598,Antagonist,['Conspirator']
PT_368.txt,Viktor Orbán,1280,1291,Protagonist,['Peacemaker']
PT_120.txt,Dmitri Peskov,355,367,Protagonist,['Guardian']
PT_120.txt,Moscovo,417,423,Protagonist,['Guardian']
PT_120.txt,NATO,542,545,Antagonist,['Foreign Adversary']
PT_120.txt,Bulgária,620,627,Antagonist,['Foreign Adversary']
PT_120.txt,Roménia,633,639,Antagonist,['Foreign Adversary']
PT_120.txt,Rússia,714,719,Innocent,['Victim']
PT_120.txt,Rússia,922,927,Protagonist,['Guardian']
PT_120.txt,Mikhail Sheremet,1744,1759,Protagonist,['Virtuous']
PT_120.txt,Zelensky,1781,1788,Antagonist,['Instigator']
PT_120.txt,Rússia,1827,1832,Innocent,['Victim']
PT_120.txt,Kiev,1933,1936,Antagonist,['Instigator']
PT_120.txt,Ocidente,2195,2202,Antagonist,['Corrupt']
PT_120.txt,NATO,2219,2222,Antagonist,['Corrupt']
PT_76.txt,Rússia,51,56,Antagonist,['Foreign Adversary']
PT_76.txt,Volodymyr Zelenskyy,394,412,Protagonist,['Virtuous']
PT_76.txt,Kharkiv,1109,1115,Innocent,['Victim']
PT_76.txt,Dmitry Peskov,1325,1337,Protagonist,['Guardian']
PT_257.txt,Rosatom,816,822,Protagonist,['Guardian']
PT_257.txt,Moscovo,925,931,Protagonist,['Guardian']
PT_257.txt,Kiev,1530,1533,Antagonist,"['Instigator', 'Foreign Adversary']"
PT_257.txt,Maria Zajarova,1626,1639,Protagonist,['Guardian']
PT_257.txt,Rússia,1645,1650,Protagonist,['Guardian']
PT_257.txt,Kiev,1746,1749,Antagonist,['Instigator']
PT_93.txt,Dmitri Peskov,355,367,Protagonist,['Guardian']
PT_93.txt,Moscovo,417,423,Protagonist,['Guardian']
PT_93.txt,NATO,542,545,Antagonist,['Foreign Adversary']
PT_93.txt,Zelensky,1781,1788,Antagonist,['Instigator']
PT_274.txt,Belgorod,298,305,Innocent,['Victim']
PT_38.txt,Macron,3032,3037,Antagonist,['Corrupt']
PT_129.txt,Rússia,60,65,Protagonist,['Peacemaker']
PT_129.txt,Moscovo,456,462,Protagonist,['Peacemaker']
PT_129.txt,Ucrânia,974,980,Antagonist,['Saboteur']
PT_129.txt,Vladimir Putin,1057,1070,Protagonist,['Peacemaker']
PT_129.txt,Organização do Tratado do Atlântico Norte,1302,1342,Antagonist,['Foreign Adversary']
PT_129.txt,Rússia,1470,1475,Innocent,['Victim']
PT_129.txt,Donetsk,1927,1933,Innocent,['Victim']
PT_129.txt,Lugansk,1937,1943,Innocent,['Victim']
PT_291.txt,Alexei Smirnov,234,247,Protagonist,['Guardian']
PT_291.txt,Ucrânia,297,303,Antagonist,['Instigator']
PT_146.txt,Fiji,898,901,Innocent,['Victim']
PT_146.txt,Seychelles,1171,1180,Innocent,['Victim']
PT_146.txt,Ilhas Salomão,1183,1195,Innocent,['Victim']
PT_146.txt,Palau,1199,1203,Innocent,['Victim']
PT_146.txt,Londres,1369,1375,Innocent,['Victim']
PT_146.txt,Dubai,1378,1382,Innocent,['Victim']
PT_146.txt,Tóquio,1385,1390,Innocent,['Victim']
PT_146.txt,Rio de Janeiro,1394,1407,Innocent,['Victim']
PT_146.txt,Maldivas,1722,1729,Innocent,['Victim']
PT_242.txt,Rússia,1300,1305,Innocent,['Victim']
PT_242.txt,COI,1315,1317,Antagonist,['Bigot']
PT_242.txt,COI,2064,2066,Antagonist,['Saboteur']
PT_379.txt,Comissão de Investigação,180,203,Protagonist,['Guardian']
PT_379.txt,A. Khmara,306,314,Antagonist,['Terrorist']
PT_379.txt,E. Ermolenko,524,535,Antagonist,['Terrorist']
PT_379.txt,D. Pavlovsky,594,605,Antagonist,['Terrorist']
PT_379.txt,E. Petrov,609,617,Antagonist,['Terrorist']
PT_379.txt,S. K. Mikael,829,840,Antagonist,['Terrorist']
PT_379.txt,Azov,996,999,Antagonist,['Terrorist']
PT_379.txt,D. K. F. Patrick,1228,1243,Antagonist,['Terrorist']
PT_379.txt,R. Burduli,1247,1256,Antagonist,['Terrorist']
PT_379.txt,G. Kinoiani,1334,1344,Antagonist,['Terrorist']
PT_379.txt,Forças Armadas Ucranianas,1597,1621,Antagonist,['Corrupt']
PT_44.txt,Musk,588,591,Protagonist,['Peacemaker']
PT_44.txt,Moscovo,843,849,Protagonist,['Peacemaker']
PT_44.txt,Kiev,917,920,Antagonist,['Foreign Adversary']
PT_44.txt,Ocidente,987,994,Antagonist,['Conspirator']
PT_44.txt,Vladimir Putin,1564,1577,Protagonist,['Guardian']
PT_44.txt,Kiev,1705,1708,Antagonist,['Tyrant']
PT_44.txt,Ucrânia,1832,1838,Antagonist,['Tyrant']
PT_127.txt,Mykhailo Podolyak,111,127,Protagonist,['Virtuous']
PT_127.txt,Kyiv,318,321,Protagonist,['Virtuous']
PT_127.txt,Volodymyr Zelensky,356,373,Protagonist,"['Virtuous', 'Guardian']"
PT_127.txt,Comissão Europeia,466,482,Protagonist,['Peacemaker']
PT_127.txt,Zoltan Kovacs,709,721,Protagonist,['Guardian']
PT_127.txt,Ucrânia,750,756,Antagonist,['Instigator']
PT_127.txt,Hungria,905,911,Innocent,['Victim']
PT_127.txt,Eslováquia,917,926,Innocent,['Victim']
PT_127.txt,Ucrânia,1058,1064,Antagonist,['Tyrant']
PT_127.txt,Viktor Orbán,1604,1615,Protagonist,['Peacemaker']
PT_127.txt,Robert Fico,1645,1655,Protagonist,['Peacemaker']
PT_399.txt,Governo,480,486,Antagonist,['Corrupt']
PT_135.txt,Estados Unidos,802,815,Innocent,['Victim']
PT_135.txt,Europa Ocidental,821,836,Innocent,['Victim']
PT_135.txt,Rússia,883,888,Innocent,['Victim']
PT_15.txt,Ministério dos Negócios Estrangeiros,116,151,Protagonist,['Virtuous']
PT_15.txt,Ocidente,201,208,Antagonist,['Deceiver']
PT_15.txt,Daesh,1356,1360,Antagonist,['Terrorist']
PT_15.txt,Kiev,1529,1532,Antagonist,['Terrorist']
PT_15.txt,Ucrânia,2248,2254,Antagonist,['Foreign Adversary']
PT_178.txt,Extinction Rebellion,466,485,Protagonist,['Rebel']
PT_178.txt,Luigi Brugnaro,1200,1213,Protagonist,['Guardian']
PT_178.txt,Giorgia Meloni,1784,1797,Protagonist,['Guardian']
PT_283.txt,Kiev,77,80,Antagonist,"['Instigator', 'Foreign Adversary']"
PT_283.txt,Kremlin,146,152,Protagonist,['Guardian']
PT_283.txt,Rússia,277,282,Protagonist,['Guardian']
PT_283.txt,Rosatom,1286,1292,Protagonist,['Guardian']
PT_283.txt,Moscovo,1399,1405,Protagonist,['Guardian']
PT_283.txt,Kremlin,2041,2047,Antagonist,['Deceiver']
PT_283.txt,Kiev,2132,2135,Innocent,['Scapegoat']
PT_283.txt,Putin,2173,2177,Antagonist,['Saboteur']
PT_283.txt,Rússia,2238,2243,Antagonist,['Foreign Adversary']
PT_275.txt,Valeri Gerasimov,1184,1199,Protagonist,['Guardian']
PT_07.txt,A Organização do Tratado do Atlântico Norte,81,123,Antagonist,"['Instigator', 'Foreign Adversary']"
PT_07.txt,Rússia,991,996,Innocent,['Victim']
PT_07.txt,Estados Unidos,1180,1193,Antagonist,"['Conspirator', 'Foreign Adversary']"
PT_07.txt,Kiev,1487,1490,Antagonist,['Foreign Adversary']
PT_07.txt,EUA,1512,1514,Antagonist,['Instigator']
PT_07.txt,NATO,1521,1524,Antagonist,['Instigator']
PT_07.txt,NATO,1722,1725,Antagonist,"['Saboteur', 'Conspirator']"
PT_07.txt,Estados Unidos,2817,2830,Antagonist,['Foreign Adversary']
PT_07.txt,Reino Unido,2836,2846,Antagonist,['Foreign Adversary']
PT_07.txt,Ocidente,2865,2872,Antagonist,['Foreign Adversary']
PT_07.txt,Bruxelas,3082,3089,Antagonist,"['Conspirator', 'Foreign Adversary']"
PT_155.txt,Índia,309,313,Innocent,['Victim']
PT_112.txt,Vladimir Putin,185,198,Protagonist,['Guardian']
PT_112.txt,Estados Unidos,264,277,Antagonist,['Instigator']
PT_112.txt,Serguei Riabkov,392,406,Protagonist,['Guardian']
PT_112.txt,NATO,512,515,Antagonist,['Foreign Adversary']
PT_112.txt,Kremlin,2088,2094,Protagonist,['Guardian']
PT_112.txt,União Europeia,2128,2141,Antagonist,['Foreign Adversary']
PT_112.txt,Rússia,2281,2286,Innocent,['Victim']
PT_112.txt,Orbán,3937,3941,Antagonist,['Traitor']
PT_107.txt,Moscovo,245,251,Antagonist,['Saboteur']
PT_107.txt,França,489,494,Innocent,['Victim']
PT_107.txt,FSB,727,729,Antagonist,['Conspirator']
PT_107.txt,Ucrânia,2281,2287,Innocent,['Victim']
PT_107.txt,Rússia,2662,2667,Protagonist,['Virtuous']
PT_107.txt,Rússia,2943,2948,Antagonist,['Conspirator']
PT_247.txt,Donald Trump,249,260,Protagonist,['Peacemaker']
PT_247.txt,Michel,2144,2149,Protagonist,['Guardian']
PT_247.txt,Rússia,2310,2315,Antagonist,['Foreign Adversary']
PT_247.txt,Ucrânia,2334,2340,Innocent,['Victim']
PT_247.txt,Ursula von der Leyen,2779,2798,Protagonist,['Virtuous']
PT_CC_428.txt,Pessoas pelo Clima,1409,1426,Protagonist,['Guardian']
PT_70.txt,Rússia,75,80,Protagonist,['Peacemaker']
PT_70.txt,Dmitry Peskov,296,308,Protagonist,['Peacemaker']
PT_70.txt,Rússia,1067,1072,Protagonist,['Peacemaker']
PT_70.txt,Ucrânia,1354,1360,Protagonist,['Peacemaker']
PT_70.txt,Rússia,1432,1437,Antagonist,['Foreign Adversary']
PT_70.txt,Dmytro Kuleba,1806,1818,Protagonist,['Peacemaker']
PT_360.txt,Donetsk,293,299,Innocent,['Victim']
PT_360.txt,Lugansk,303,309,Innocent,['Victim']
PT_360.txt,Kiev,365,368,Antagonist,['Terrorist']
PT_360.txt,Terceira Via,914,925,Antagonist,['Bigot']
PT_360.txt,Partido Nacional Democrático da Alemanha,930,969,Antagonist,['Bigot']
PT_360.txt,Falange,1011,1017,Antagonist,['Bigot']
PT_360.txt,CasaPound,1050,1058,Antagonist,['Bigot']
PT_360.txt,Força Nova,1092,1101,Antagonist,['Bigot']
PT_360.txt,Irmandade Ariana,1137,1152,Antagonist,['Bigot']
PT_360.txt,Portugal Hammerskins,1156,1175,Antagonist,['Bigot']
PT_360.txt,Academi,1332,1338,Antagonist,['Conspirator']
PT_360.txt,Cubic,1368,1372,Antagonist,['Conspirator']
PT_360.txt,Dakhorse Benefits,1375,1391,Antagonist,['Conspirator']
PT_360.txt,Dean Corporation,1394,1409,Antagonist,['Conspirator']
PT_360.txt,Forward Observations Group,1412,1437,Antagonist,['Conspirator']
PT_360.txt,Hyperion Services,1440,1456,Antagonist,['Conspirator']
PT_360.txt,Sons of Liberty International,1460,1488,Antagonist,['Conspirator']
PT_360.txt,ASBS Othago,1504,1514,Antagonist,['Conspirator']
PT_360.txt,Academia Europeia de Segurança,1520,1549,Antagonist,['Conspirator']
PT_360.txt,Donetsk,1857,1863,Innocent,['Victim']
PT_360.txt,Lugansk,1867,1873,Innocent,['Victim']
PT_360.txt,Rússia,1958,1963,Protagonist,['Guardian']
PT_43.txt,Ucrânia,135,141,Antagonist,['Foreign Adversary']
PT_43.txt,Zelensky,939,946,Antagonist,['Saboteur']
PT_43.txt,Rússia,2416,2421,Protagonist,['Rebel']
PT_140.txt,Mediterrâneo,368,379,Innocent,['Victim']
PT_140.txt,Rússia,382,387,Innocent,['Victim']
PT_140.txt,Canadá,391,396,Innocent,['Victim']
PT_140.txt,Japão,2573,2577,Innocent,['Victim']
PT_140.txt,Estados Unidos,2885,2898,Innocent,['Victim']
PT_140.txt,Ártico,3001,3006,Innocent,['Victim']
PT_183.txt,Última Geração,113,126,Antagonist,['Instigator']
PT_183.txt,Anja Windl,1068,1077,Protagonist,['Rebel']
PT_183.txt,Afra Porsche,1281,1292,Protagonist,['Rebel']
PT_86.txt,Organização Mundial de Saúde,328,355,Protagonist,['Guardian']
PT_77.txt,Presidente Zelensky,1430,1448,Antagonist,['Instigator']
PT_77.txt,António Tânger,1609,1622,Antagonist,['Incompetent']
PT_34.txt,Chuck Schumer,493,505,Protagonist,['Guardian']
PT_34.txt,Zelensky,636,643,Innocent,['Victim']
PT_34.txt,Ucrânia,649,655,Innocent,['Victim']
PT_34.txt,Rússia,2033,2038,Protagonist,['Peacemaker']
PT_34.txt,Sergei Lavrov,2243,2255,Protagonist,['Guardian']
PT_104.txt,Rússia,70,75,Innocent,['Forgotten']
PT_104.txt,Viktor Orban,298,309,Protagonist,['Virtuous']
PT_333.txt,Instituto do Ambiente e da Segurança Humana da Universidade das Nações Unidas,585,661,Protagonist,['Guardian']
PT_62.txt,Manuel Pires da Rocha,1872,1892,Protagonist,['Virtuous']
PT_62.txt,Manuel Pires da Rocha,2321,2341,Innocent,['Scapegoat']
PT_62.txt,Câmara de Setúbal,2752,2768,Antagonist,['Instigator']
PT_341.txt,Ocidente,889,896,Antagonist,['Incompetent']
PT_384.txt,NATO,220,223,Antagonist,['Foreign Adversary']
PT_384.txt,Ocidente,303,310,Antagonist,['Foreign Adversary']
PT_384.txt,Kiev,322,325,Antagonist,['Foreign Adversary']
PT_384.txt,NATO,1513,1516,Antagonist,['Foreign Adversary']
PT_299.txt,Ucrânia,135,141,Antagonist,['Foreign Adversary']
PT_299.txt,Kiev,362,365,Antagonist,['Terrorist']
PT_299.txt,Maria Zakharova,919,933,Protagonist,['Guardian']
PT_299.txt,Ucrânia,1735,1741,Antagonist,['Instigator']
PT_256.txt,Kremlin,332,338,Protagonist,['Guardian']
PT_256.txt,Volodymyr Zelensky,420,437,Antagonist,['Foreign Adversary']
PT_256.txt,Rússia,609,614,Protagonist,['Rebel']
PT_260.txt,Volodymyr Zelensky,217,234,Antagonist,['Saboteur']
PT_260.txt,Zelensky,1351,1358,Antagonist,['Incompetent']
PT_276.txt,Rússia,75,80,Protagonist,['Guardian']
PT_276.txt,Forças Armadas,638,651,Protagonist,['Guardian']
PT_276.txt,Legião Liberdade da Rússia,1449,1474,Antagonist,['Terrorist']
PT_276.txt,Corpo de Voluntários Russos,1485,1511,Antagonist,['Terrorist']
PT_14.txt,Vladimir Putin,119,132,Protagonist,['Guardian']
PT_14.txt,Rússia,149,154,Protagonist,['Guardian']
PT_14.txt,EUA,440,442,Antagonist,['Foreign Adversary']
PT_14.txt,EUA,902,904,Antagonist,['Foreign Adversary']
PT_14.txt,Organização do Tratado do Atlântico Norte,927,967,Antagonist,['Foreign Adversary']
PT_14.txt,Kiev,988,991,Antagonist,['Foreign Adversary']
PT_169.txt,Javier Milei,388,399,Antagonist,['Instigator']
PT_169.txt,Javier Milei,1559,1570,Protagonist,['Virtuous']
PT_126.txt,Evgeny Serebriakov,289,306,Antagonist,"['Conspirator', 'Terrorist']"
PT_126.txt,Iliá,938,941,Antagonist,"['Conspirator', 'Terrorist']"
PT_CC_412.txt,Deserto do Saara,1698,1713,Innocent,['Victim']
PT_CC_412.txt,Costa do Golfo,1720,1733,Innocent,['Victim']
PT_134.txt,Ásia,1224,1227,Innocent,['Victim']
PT_134.txt,Europa,1437,1442,Innocent,['Victim']
PT_134.txt,América do Sul,1461,1474,Innocent,['Victim']
PT_134.txt,África,1492,1497,Innocent,['Victim']
PT_63.txt,Volodymyr Zelensky,363,380,Protagonist,['Guardian']
PT_29.txt,Ucrânia,736,742,Antagonist,['Incompetent']
PT_29.txt,Vladimir Putin,1405,1418,Protagonist,['Guardian']
PT_29.txt,Kiev,1525,1528,Antagonist,['Tyrant']
PT_29.txt,NATO,1556,1559,Antagonist,['Foreign Adversary']
PT_29.txt,Moscovo,1582,1588,Protagonist,['Guardian']
PT_29.txt,Estados Unidos,1893,1906,Antagonist,['Foreign Adversary']
PT_282.txt,Kiev,329,332,Antagonist,"['Instigator', 'Foreign Adversary']"
PT_282.txt,Ministério da Defesa russo,1095,1120,Protagonist,['Guardian']
PT_248.txt,Volodimir Zelensky,356,373,Protagonist,['Guardian']
PT_248.txt,Ucrânia,412,418,Protagonist,['Underdog']
PT_248.txt,Kharkiv,944,950,Innocent,['Victim']
PT_248.txt,Pokrovsk,1354,1361,Innocent,['Victim']
PT_248.txt,Toretsk,1364,1370,Innocent,['Victim']
PT_248.txt,Chasiv Yar,1374,1383,Innocent,['Victim']
PT_248.txt,Kramatorsk,1412,1421,Innocent,['Victim']
PT_248.txt,Sloviansk,1425,1433,Innocent,['Victim']
PT_361.txt,Kiev,367,370,Antagonist,['Incompetent']
PT_111.txt,Frédérique,1232,1241,Innocent,['Victim']
PT_111.txt,Robert-Jan,1264,1273,Innocent,['Victim']
PT_111.txt,Rússia,1573,1578,Antagonist,['Terrorist']
PT_111.txt,Penny Wong,1795,1804,Protagonist,['Virtuous']
PT_111.txt,Moscovo,1976,1982,Antagonist,['Instigator']
PT_111.txt,Crimeia,2019,2025,Innocent,['Victim']
PT_111.txt,Igor Guirkin,2092,2103,Antagonist,['Terrorist']
PT_111.txt,Sergei Dubinski,2107,2121,Antagonist,['Terrorist']
PT_111.txt,Leonid Kharchenko,2137,2153,Antagonist,['Terrorist']
PT_111.txt,Vladimir Putin,2722,2735,Antagonist,['Terrorist']
PT_154.txt,Moçambique,979,988,Innocent,['Victim']
PT_197.txt,Lula,659,662,Protagonist,['Guardian']
PT_197.txt,Amazónia,2075,2082,Innocent,['Victim']
PT_35.txt,Rússia,1520,1525,Protagonist,['Guardian']
PT_35.txt,NATO,1571,1574,Antagonist,['Foreign Adversary']
PT_35.txt,Sergei Lavrov,1669,1681,Protagonist,['Guardian']
PT_35.txt,Vladimir Putin,1900,1913,Protagonist,['Guardian']
PT_35.txt,Kiev,2001,2004,Antagonist,['Tyrant']
PT_298.txt,Estados Unidos,100,113,Protagonist,['Peacemaker']
PT_298.txt,Sergei Ryabkov,319,332,Protagonist,['Guardian']
PT_298.txt,serviços de Inteligência,540,563,Antagonist,"['Conspirator', 'Terrorist']"
PT_298.txt,Ucrânia,568,574,Antagonist,['Conspirator']
PT_298.txt,Putin,1123,1127,Innocent,['Victim']
PT_298.txt,Belousov,1131,1138,Innocent,['Victim']
PT_298.txt,Washington,1362,1371,Antagonist,['Conspirator']
PT_CC_426.txt,Greta Thunberg,414,427,Antagonist,"['Incompetent', 'Deceiver']"
PT_CC_426.txt,Greta,1603,1607,Antagonist,['Incompetent']
PT_36.txt,Moscovo,160,166,Protagonist,['Peacemaker']
PT_36.txt,Pequim,170,175,Protagonist,['Peacemaker']
PT_36.txt,China,464,468,Protagonist,['Peacemaker']
PT_36.txt,Rússia,474,479,Protagonist,['Peacemaker']
PT_36.txt,EUA,751,753,Antagonist,['Instigator']
PT_36.txt,União Europeia,759,772,Antagonist,['Instigator']
PT_36.txt,Organização do Tratado do Atlântico Norte,2165,2205,Antagonist,['Foreign Adversary']
PT_36.txt,EUA,2301,2303,Antagonist,['Instigator']
PT_105.txt,União Europeia,86,99,Protagonist,['Virtuous']
PT_105.txt,Ucrânia,181,187,Innocent,['Victim']
PT_105.txt,Rússia,574,579,Antagonist,['Foreign Adversary']
PT_105.txt,Rússia,1216,1221,Protagonist,['Virtuous']
PT_105.txt,União Europeia,1367,1380,Antagonist,['Instigator']
PT_105.txt,Dmitri Peskov,1392,1404,Protagonist,['Virtuous']
PT_328.txt,Brasil,622,627,Innocent,['Victim']
PT_328.txt,Argentina,632,640,Innocent,['Victim']
PT_328.txt,Colômbia,645,652,Innocent,['Victim']
PT_328.txt,Equador,658,664,Innocent,['Victim']
PT_328.txt,Luca Bergamaschi,1645,1660,Protagonist,['Virtuous']
PT_42.txt,Kuleba,2059,2064,Antagonist,['Deceiver']
PT_377.txt,Ocidente,998,1005,Antagonist,['Incompetent']
PT_377.txt,Rússia,2416,2421,Innocent,['Forgotten']
PT_227.txt,Ucrânia,165,171,Antagonist,['Foreign Adversary']
PT_227.txt,Kiev,459,462,Antagonist,['Foreign Adversary']
PT_227.txt,Ocidente,632,639,Antagonist,['Instigator']
PT_227.txt,Ministério da Defesa,1344,1363,Protagonist,['Guardian']
PT_227.txt,Kiev,1456,1459,Antagonist,['Instigator']
PT_08.txt,Estados Unidos,107,120,Antagonist,['Corrupt']
PT_08.txt,Europa,126,131,Antagonist,['Corrupt']
PT_08.txt,Ucrânia,144,150,Antagonist,['Foreign Adversary']
PT_08.txt,França,479,484,Antagonist,['Corrupt']
PT_08.txt,EUA,1233,1235,Antagonist,['Deceiver']
PT_08.txt,Ucrânia,1788,1794,Innocent,['Exploited']
PT_08.txt,Ocidente,2505,2512,Antagonist,['Instigator']
PT_133.txt,Zelensky,117,124,Antagonist,"['Saboteur', 'Instigator']"
PT_133.txt,Kyiv,224,227,Antagonist,['Incompetent']
PT_133.txt,Andrei Nastasin,322,336,Protagonist,['Virtuous']
PT_133.txt,Kiev,548,551,Antagonist,"['Corrupt', 'Tyrant']"
PT_133.txt,Ocidente,602,609,Antagonist,['Conspirator']
PT_133.txt,Rússia,725,730,Protagonist,['Underdog']
PT_133.txt,Hungria,1080,1086,Protagonist,['Rebel']
PT_133.txt,Eslováquia,1090,1099,Protagonist,['Rebel']
PT_133.txt,Kiev,1274,1277,Antagonist,['Instigator']
PT_133.txt,Péter Szijjártó,1470,1484,Protagonist,['Virtuous']
PT_133.txt,Comissão Europeia,1511,1527,Antagonist,"['Conspirator', 'Tyrant']"
PT_133.txt,União Europeia,1776,1789,Antagonist,['Traitor']
PT_133.txt,Budapeste,1836,1844,Innocent,['Forgotten']
PT_133.txt,Bratislava,1848,1857,Innocent,['Forgotten']
PT_133.txt,Estados-membros da UE,1983,2003,Innocent,['Forgotten']
PT_133.txt,Bruxelas,2009,2016,Antagonist,['Saboteur']
PT_133.txt,Comissão Europeia,2085,2101,Antagonist,"['Incompetent', 'Traitor']"
PT_133.txt,Bruxelas,2195,2202,Antagonist,['Conspirator']
PT_212.txt,Canoas,102,107,Innocent,['Victim']
PT_212.txt,Exército,537,544,Protagonist,['Guardian']
PT_212.txt,Polícia Civil,547,559,Protagonist,['Guardian']
PT_212.txt,Brigada Militar,562,576,Protagonist,['Guardian']
PT_212.txt,Guarda Municipal,580,595,Protagonist,['Guardian']
PT_383.txt,NATO,95,98,Antagonist,['Conspirator']
PT_383.txt,NATO,315,318,Antagonist,['Foreign Adversary']
PT_383.txt,Rússia,400,405,Innocent,['Victim']
PT_196.txt,Engajamundo,421,431,Protagonist,['Rebel']
PT_196.txt,Greenpeace Brasil,452,468,Protagonist,['Rebel']
PT_196.txt,Marcelo Laterman,968,983,Protagonist,['Guardian']
PT_196.txt,Amazónia,1206,1213,Innocent,"['Exploited', 'Victim']"
PT_196.txt,Lula,1557,1560,Antagonist,['Incompetent']
PT_196.txt,Jaciara Borari,2258,2271,Protagonist,"['Rebel', 'Virtuous']"
PT_285.txt,Ucrânia,511,517,Innocent,['Victim']
PT_285.txt,Rússia,685,690,Antagonist,['Foreign Adversary']
PT_285.txt,Moscovo,1724,1730,Protagonist,['Guardian']
PT_293.txt,Putin,617,621,Antagonist,['Foreign Adversary']
PT_293.txt,Casa Branca,1092,1102,Protagonist,['Guardian']
PT_293.txt,Kiev,1169,1172,Protagonist,['Rebel']
PT_293.txt,Rússia,1205,1210,Antagonist,['Foreign Adversary']
PT_293.txt,Kiev,1555,1558,Antagonist,['Foreign Adversary']
PT_293.txt,Ocidente,1862,1869,Antagonist,"['Conspirator', 'Foreign Adversary']"
PT_293.txt,Rússia,2219,2224,Protagonist,['Guardian']
PT_293.txt,Ministério da Defesa,2742,2761,Protagonist,['Guardian']
PT_293.txt,Kiev,2874,2877,Antagonist,['Instigator']
PT_56.txt,Climáximo,110,118,Antagonist,['Instigator']
PT_56.txt,Climáximo,1120,1128,Protagonist,['Virtuous']
PT_382.txt,NATO,118,121,Antagonist,['Foreign Adversary']
PT_382.txt,Rússia,297,302,Innocent,['Victim']
PT_382.txt,EUA,1531,1533,Antagonist,['Instigator']
PT_64.txt,Kyiv,310,313,Protagonist,['Virtuous']
PT_64.txt,Procuradoria-Geral da Ucrânia,1487,1515,Protagonist,['Guardian']
PT_64.txt,Ucrânia,1638,1644,Innocent,['Victim']
PT_64.txt,Zaporijia,1813,1821,Innocent,['Victim']
PT_64.txt,Rússia,2387,2392,Protagonist,['Rebel']
PT_352..txt,Toretsk,125,131,Innocent,['Victim']
PT_352..txt,República Popular de Donetsk,224,251,Innocent,['Victim']
PT_352..txt,Exército ucraniano,1407,1424,Antagonist,['Foreign Adversary']
PT_303.txt,ONU,1718,1720,Innocent,['Victim']
PT_303.txt,António Guterres,2039,2054,Protagonist,['Guardian']
PT_72.txt,Rússia,179,184,Protagonist,['Peacemaker']
PT_72.txt,EUA,216,218,Protagonist,['Peacemaker']
PT_72.txt,Vladimir Putin,1375,1388,Protagonist,['Guardian']
PT_41.txt,Moscovo,1980,1986,Antagonist,['Foreign Adversary']
PT_41.txt,Turquia,2512,2518,Antagonist,['Saboteur']
PT_41.txt,Suécia,2532,2537,Innocent,['Victim']
PT_389.txt,Chile,1908,1912,Innocent,['Victim']
PT_389.txt,África,2019,2024,Innocent,['Victim']
PT_389.txt,Ásia,2192,2195,Innocent,['Victim']
PT_389.txt,Myanmar,2243,2249,Innocent,['Victim']
PT_389.txt,Índia,2309,2313,Innocent,['Victim']
PT_125.txt,Moscovo,1141,1147,Protagonist,['Rebel']
PT_125.txt,Rússia,1203,1208,Protagonist,['Guardian']
PT_358.txt,Moscovo,100,106,Protagonist,['Guardian']
PT_358.txt,Rússia,565,570,Protagonist,['Guardian']
PT_358.txt,Kiev,835,838,Antagonist,['Conspirator']
PT_358.txt,NATO,1288,1291,Antagonist,"['Instigator', 'Foreign Adversary']"
PT_358.txt,Rússia,1400,1405,Innocent,['Victim']
PT_358.txt,Kiev,1749,1752,Antagonist,['Terrorist']
PT_374.txt,Putin,392,396,Protagonist,['Rebel']
PT_374.txt,Rússia,748,753,Protagonist,['Underdog']
PT_374.txt,NATO,831,834,Antagonist,['Foreign Adversary']
PT_374.txt,Rússia,1157,1162,Protagonist,['Peacemaker']
PT_48.txt,Forças Armadas da Ucrânia,424,448,Antagonist,['Foreign Adversary']
PT_149.txt,Duarte Cordeiro,649,663,Innocent,['Victim']
PT_149.txt,Duarte Cordeiro,812,826,Protagonist,['Virtuous']
PT_149.txt,Greve Climática Estudantil,1666,1691,Antagonist,"['Instigator', 'Terrorist']"
PT_149.txt,Duarte Cordeiro,2532,2546,Innocent,['Victim']
PT_326.txt,Bengala Ocidental,1247,1263,Innocent,['Victim']
PT_326.txt,Mizoram,1267,1273,Innocent,['Victim']
PT_164.txt,Paul Watson,93,103,Protagonist,['Martyr']
PT_164.txt,Islândia,816,823,Antagonist,['Foreign Adversary']
PT_164.txt,Noruega,828,834,Antagonist,['Foreign Adversary']
PT_164.txt,Japão,840,844,Antagonist,['Foreign Adversary']
PT_164.txt,Japão,849,853,Antagonist,"['Deceiver', 'Corrupt']"
PT_164.txt,Tóquio,1123,1128,Antagonist,['Instigator']
PT_164.txt,Hugo Clément,1459,1470,Protagonist,['Guardian']
PT_164.txt,Emmanuel Macron,1538,1552,Protagonist,['Guardian']
PT_262.txt,Forças Armadas ucranianas,110,134,Antagonist,['Terrorist']
PT_262.txt,Vladimir Pipko,330,343,Antagonist,['Terrorist']
PT_262.txt,Emil Ishkulov,347,359,Antagonist,['Terrorist']
PT_02.txt,EUA,150,152,Antagonist,"['Foreign Adversary', 'Deceiver']"
PT_02.txt,Washington,214,223,Antagonist,['Foreign Adversary']
PT_02.txt,Ucrânia,250,256,Antagonist,['Foreign Adversary']
PT_02.txt,EUA,730,732,Antagonist,['Conspirator']
PT_02.txt,Washington,1005,1014,Antagonist,['Deceiver']
PT_109.txt,Estados Unidos,711,724,Antagonist,['Instigator']
PT_109.txt,Ocidente,730,737,Antagonist,['Instigator']
PT_109.txt,Putin,1331,1335,Protagonist,['Virtuous']
PT_URW_414.txt,Ucrânia,155,161,Antagonist,['Foreign Adversary']
PT_URW_414.txt,Ocidente,186,193,Antagonist,['Foreign Adversary']
PT_URW_414.txt,Ucrânia,625,631,Antagonist,['Instigator']
PT_URW_414.txt,NATO,1228,1231,Antagonist,['Foreign Adversary']
PT_URW_414.txt,Ocidente,1355,1362,Antagonist,['Instigator']
PT_URW_414.txt,Ucrânia,1507,1513,Antagonist,['Incompetent']
PT_URW_414.txt,Putin,1659,1663,Protagonist,['Peacemaker']
PT_URW_414.txt,Kiev,2233,2236,Antagonist,['Foreign Adversary']
PT_88.txt,Rússia,1541,1546,Innocent,['Victim']
PT_88.txt,Moscovo,1740,1746,Antagonist,['Foreign Adversary']
PT_CC_406.txt,Greta,544,548,Protagonist,['Virtuous']
PT_CC_406.txt,Greta Thunberg,1304,1317,Protagonist,['Guardian']
PT_CC_406.txt,Howey Ou,1495,1502,Protagonist,['Virtuous']
PT_09.txt,Ocidente,140,147,Antagonist,['Foreign Adversary']
PT_09.txt,Rússia,158,163,Innocent,['Victim']
PT_09.txt,NATO,306,309,Antagonist,['Foreign Adversary']
PT_09.txt,Kiev,611,614,Antagonist,['Foreign Adversary']
PT_102.txt,Irina Farion,239,250,Innocent,['Victim']
PT_102.txt,Vyacheslav Zinchenko,644,663,Antagonist,['Terrorist']
PT_269.txt,Kiev,280,283,Antagonist,['Instigator']
PT_269.txt,Putin,1303,1307,Protagonist,['Guardian']
PT_CC_423.txt,Trump,1692,1696,Antagonist,['Incompetent']
PT_65.txt,Rússia,1064,1069,Protagonist,['Guardian']
PT_65.txt,Ucrânia,1081,1087,Antagonist,['Foreign Adversary']
PT_179.txt,Fikru Regasa,545,556,Protagonist,['Guardian']
PT_118.txt,Brasil,1066,1071,Innocent,['Victim']
PT_118.txt,Rio Grande do Sul,1087,1103,Innocent,['Victim']
PT_118.txt,Pantanal,1123,1130,Innocent,['Victim']
PT_118.txt,Amazónia,1137,1144,Innocent,['Victim']
PT_118.txt,Grécia,1291,1296,Innocent,['Victim']
PT_118.txt,Atenas,1459,1464,Innocent,['Victim']
PT_118.txt,Espanha,1718,1724,Innocent,['Victim']
PT_118.txt,Sevilha,1835,1841,Innocent,['Victim']
PT_118.txt,Córdoba,1845,1851,Innocent,['Victim']
PT_118.txt,França,1973,1978,Innocent,['Victim']
PT_118.txt,Itália,1982,1987,Innocent,['Victim']
PT_118.txt,Berlim,2050,2055,Innocent,['Victim']
PT_118.txt,Paris,2059,2063,Innocent,['Victim']
PT_292.txt,Ucrânia,317,323,Antagonist,['Foreign Adversary']
PT_292.txt,Kiev,461,464,Antagonist,"['Corrupt', 'Terrorist']"
PT_292.txt,Ocidente,799,806,Antagonist,"['Conspirator', 'Foreign Adversary']"
PT_292.txt,Volodymyr Zelensky,1158,1175,Antagonist,['Terrorist']
PT_292.txt,Vladimir Putin,1613,1626,Protagonist,['Guardian']
PT_292.txt,Kiev,1871,1874,Antagonist,['Instigator']
PT_292.txt,Ucrânia,2149,2155,Antagonist,"['Saboteur', 'Terrorist']"
PT_195.txt,Espírito Santo,102,115,Innocent,['Victim']
PT_55.txt,Amnistia Internacional,1890,1911,Protagonist,['Guardian']
PT_55.txt,Tom Southerden,2164,2177,Protagonist,['Virtuous']
PT_16.txt,Robert Kalinak,112,125,Protagonist,['Virtuous']
PT_16.txt,Emmanuel Macron,532,546,Antagonist,['Foreign Adversary']
PT_16.txt,Rússia,1440,1445,Protagonist,['Peacemaker']
PT_16.txt,Ucrânia,1568,1574,Antagonist,['Foreign Adversary']
PT_CC_429.txt,Perry,344,348,Antagonist,['Deceiver']
PT_CC_429.txt,Rick Perry,2045,2054,Antagonist,['Incompetent']
PT_CC_429.txt,Shaylyn Hynes,2560,2572,Protagonist,['Peacemaker']
PT_375.txt,Rússia,845,850,Protagonist,['Guardian']
PT_375.txt,Rússia,1205,1210,Protagonist,['Underdog']
PT_375.txt,Ocidente,1355,1362,Antagonist,['Incompetent']
PT_375.txt,Ocidente,1575,1582,Antagonist,['Foreign Adversary']
PT_71.txt,Rússia,59,64,Protagonist,['Guardian']
PT_71.txt,Ocidente,136,143,Antagonist,['Foreign Adversary']
PT_71.txt,Kiev,310,313,Antagonist,['Foreign Adversary']
PT_71.txt,Dmitri Peskov,373,385,Protagonist,['Guardian']
PT_71.txt,Volodymyr Zelensky,1017,1034,Protagonist,['Guardian']
PT_71.txt,Rússia,1178,1183,Antagonist,['Foreign Adversary']
PT_278.txt,Rússia,85,90,Innocent,['Victim']
PT_278.txt,Ucrânia,101,107,Antagonist,['Instigator']
PT_391.txt,Guiné-Bissau,293,304,Innocent,['Victim']
PT_40.txt,Forças Armadas da Ucrânia,168,192,Antagonist,['Foreign Adversary']
PT_40.txt,NATO,1165,1168,Antagonist,['Foreign Adversary']
PT_357.txt,EUA,131,133,Antagonist,['Incompetent']
PT_357.txt,Ocidente,208,215,Antagonist,['Incompetent']
PT_357.txt,Israel,402,407,Antagonist,['Tyrant']
PT_357.txt,Kiev,781,784,Antagonist,"['Incompetent', 'Foreign Adversary']"
PT_357.txt,Moscovo,847,853,Protagonist,['Guardian']
PT_357.txt,Ucrânia,1391,1397,Antagonist,['Tyrant']
PT_357.txt,EUA,1913,1915,Antagonist,['Conspirator']
PT_357.txt,Ucrânia,1977,1983,Antagonist,['Bigot']
PT_174.txt,Amazónia,37,44,Innocent,['Victim']
PT_174.txt,Floresta Amazónica,235,252,Innocent,['Victim']
PT_174.txt,Pantanal,262,269,Innocent,['Victim']
PT_174.txt,Greenpeace Brasil,492,508,Protagonist,['Guardian']
PT_174.txt,Nando Reis,818,827,Antagonist,"['Deceiver', 'Traitor']"
PT_174.txt,Carolina Marçal,1271,1285,Antagonist,"['Deceiver', 'Traitor']"
PT_174.txt,Bolsonaro,1338,1346,Antagonist,['Saboteur']
PT_174.txt,Ianomâmis,1897,1905,Innocent,['Victim']
PT_174.txt,Lula,2007,2010,Antagonist,['Corrupt']
PT_174.txt,Marina Silva,2136,2147,Antagonist,['Deceiver']
PT_174.txt,Pantanal,2676,2683,Innocent,['Victim']
PT_174.txt,Amazónia,2690,2697,Innocent,['Victim']
PT_263.txt,Ucrânia,134,140,Antagonist,['Terrorist']
PT_263.txt,Wagner,264,269,Innocent,['Victim']
PT_263.txt,Zelensky,426,433,Antagonist,['Terrorist']
PT_263.txt,Kiev,1197,1200,Antagonist,['Conspirator']
PT_263.txt,Ucrânia,1413,1419,Antagonist,['Terrorist']
PT_263.txt,Kiev,1475,1478,Antagonist,['Terrorist']
PT_263.txt,Ocidente,2270,2277,Antagonist,['Foreign Adversary']
PT_319.txt,Rio Grande do Sul,121,137,Innocent,['Victim']
PT_319.txt,Pantanal,322,329,Innocent,['Victim']
PT_50.txt,Ucrânia,137,143,Antagonist,['Incompetent']
PT_50.txt,Ucrânia,1307,1313,Innocent,['Exploited']
PT_50.txt,Kiev,1755,1758,Innocent,['Exploited']
PT_50.txt,Washington,1799,1808,Antagonist,['Tyrant']
PT_33.txt,EUA,396,398,Antagonist,['Corrupt']
PT_33.txt,Forças Armadas da Ucrânia,901,925,Antagonist,['Foreign Adversary']
PT_33.txt,Ucrânia,1373,1379,Antagonist,['Corrupt']
PT_33.txt,Kiev,1806,1809,Antagonist,['Corrupt']
PT_33.txt,Forças Armadas da Ucrânia,1992,2016,Antagonist,['Terrorist']
PT_180.txt,Lula,731,734,Protagonist,['Guardian']
PT_180.txt,Amazónia,854,861,Innocent,['Victim']
PT_180.txt,ONU,2840,2842,Antagonist,['Corrupt']
PT_189.txt,Raoni Metuktire,254,268,Protagonist,"['Virtuous', 'Guardian']"
PT_189.txt,Amazónia,1349,1356,Innocent,['Victim']
PT_189.txt,Brasil,1797,1802,Innocent,['Victim']
PT_189.txt,Lula,2099,2102,Antagonist,['Incompetent']
PT_336.txt,Afeganistão,853,863,Innocent,['Victim']
PT_336.txt,an Mohammad Din Mohammad,1494,1517,Innocent,['Victim']
PT_01.txt,Palestina,60,68,Innocent,['Victim']
PT_01.txt,Estado sionista,84,98,Antagonist,['Tyrant']
PT_01.txt,Estado de Israel sionista,1877,1901,Antagonist,['Foreign Adversary']
PT_267.txt,Rússia,1783,1788,Protagonist,['Virtuous']
PT_82.txt,Mário Machado,273,285,Antagonist,['Terrorist']
PT_100.txt,Brasil,179,184,Innocent,['Victim']
PT_100.txt,Ásia,327,330,Innocent,['Victim']
PT_100.txt,Médio Oriente,337,349,Innocent,['Victim']
PT_100.txt,Golfo Pérsico,1738,1750,Innocent,['Victim']
PT_100.txt,Mar Vermelho,1757,1768,Innocent,['Victim']
PT_CC_421.txt,Merkel,668,673,Antagonist,['Incompetent']
PT_11.txt,Rússia,297,302,Protagonist,['Guardian']
PT_11.txt,Pentágono,856,864,Antagonist,['Deceiver']
PT_252.txt,Donald Trump,160,171,Protagonist,['Peacemaker']
PT_252.txt,Thomas Matthew Crooks,896,916,Antagonist,['Terrorist']
PT_252.txt,Ucrânia,1180,1186,Innocent,['Victim']
PT_252.txt,Rússia,1208,1213,Antagonist,['Foreign Adversary']
PT_252.txt,Estados Unidos,2050,2063,Protagonist,['Virtuous']
PT_392.txt,Lula,727,730,Protagonist,['Guardian']
PT_392.txt,Lula,1384,1387,Protagonist,['Virtuous']
PT_54.txt,Rússia,368,373,Protagonist,"['Virtuous', 'Guardian']"
PT_54.txt,Ocidente,455,462,Antagonist,['Tyrant']
PT_54.txt,Rússia,809,814,Innocent,['Victim']
PT_54.txt,Ocidente,1305,1312,Antagonist,['Deceiver']
PT_54.txt,Daria,3226,3230,Innocent,['Victim']
PT_54.txt,Kiev,3343,3346,Antagonist,['Terrorist']
PT_URW_419.txt,Rússia,88,93,Protagonist,['Peacemaker']
PT_URW_419.txt,Vladimir Putin,307,320,Protagonist,['Peacemaker']
PT_380.txt,Azov,254,257,Antagonist,['Terrorist']
PT_380.txt,Rússia,801,806,Antagonist,['Tyrant']
PT_380.txt,Forças Armadas ucranianas,1152,1176,Antagonist,['Terrorist']
PT_380.txt,Batalhão Azov,1282,1294,Antagonist,"['Bigot', 'Terrorist']"
PT_380.txt,Exército russo,1513,1526,Protagonist,['Guardian']
PT_23.txt,Ocidente,1126,1133,Innocent,['Scapegoat']
PT_23.txt,Ucrânia,1625,1631,Antagonist,['Foreign Adversary']
PT_23.txt,Organização do Tratado do Atlântico Norte,1717,1757,Antagonist,['Instigator']
PT_66.txt,Ucrânia,1927,1933,Antagonist,['Foreign Adversary']
PT_66.txt,Kiev,2362,2365,Antagonist,['Terrorist']
PT_271.txt,Joe Biden,292,300,Antagonist,['Incompetent']
PT_271.txt,Biden,1422,1426,Antagonist,['Instigator']
PT_166.txt,José Manuel Fernandes,708,728,Protagonist,['Virtuous']
PT_395.txt,Luis Montenegro,1180,1194,Antagonist,['Corrupt']
PT_395.txt,Montenegro,1619,1628,Antagonist,['Incompetent']
PT_51.txt,Europa,111,116,Innocent,['Victim']
PT_51.txt,Ilan Kelman,367,377,Protagonist,['Guardian']
PT_51.txt,Macedónia do Norte,1084,1101,Innocent,['Victim']
PT_51.txt,Albânia,1104,1110,Innocent,['Victim']
PT_51.txt,Bulgária,1114,1121,Innocent,['Victim']
PT_51.txt,Hannah Cloke,1139,1150,Protagonist,['Guardian']
PT_51.txt,Itália,2420,2425,Innocent,['Victim']
PT_139.txt,Granada Romero Ruiz,86,104,Innocent,['Victim']
PT_139.txt,Centros de Controlo e Prevenção de Doenças,2741,2782,Protagonist,['Guardian']
PT_316.txt,Marina Silva,58,69,Protagonist,['Guardian']
PT_316.txt,Rio Grande do Sul,317,333,Innocent,['Victim']
PT_316.txt,Amazónia,398,405,Innocent,['Victim']
PT_316.txt,Pantanal,412,419,Innocent,['Victim']
PT_316.txt,Caatinga,578,585,Innocent,['Victim']
PT_69.txt,Volodymyr Zelensky,1680,1697,Protagonist,['Virtuous']
PT_69.txt,Rússia,2034,2039,Antagonist,['Foreign Adversary']
PT_158.txt,Carlos Cortes,331,343,Protagonist,['Virtuous']
PT_187.txt,Thais Yutori,1253,1264,Protagonist,['Guardian']
PT_187.txt,Rio Grande do Sul,1546,1562,Innocent,['Victim']
PT_101.txt,Guterres,77,84,Protagonist,['Virtuous']
PT_373.txt,Zelensky,199,206,Antagonist,['Tyrant']
PT_373.txt,Konstantinov,283,294,Protagonist,['Guardian']
PT_373.txt,Zelensky,2092,2099,Antagonist,['Incompetent']
PT_373.txt,EUA,2306,2308,Antagonist,"['Instigator', 'Foreign Adversary']"
PT_CC_422.txt,Greta Thunberg,138,151,Antagonist,['Incompetent']
PT_CC_422.txt,Greta Thunberg,1522,1535,Antagonist,['Instigator']
PT_73.txt,Kiev,722,725,Innocent,['Victim']
PT_73.txt,Moscovo,906,912,Antagonist,['Foreign Adversary']
PT_81.txt,Mário Machado,439,451,Antagonist,['Terrorist']
PT_81.txt,Guarda Nacional Ucraniana,688,712,Antagonist,['Terrorist']
PT_81.txt,Zelensky,1087,1094,Antagonist,['Conspirator']
PT_81.txt,NATO,2593,2596,Antagonist,['Deceiver']
PT_81.txt,UE,2604,2605,Antagonist,['Deceiver']
PT_81.txt,ONU,2613,2615,Antagonist,['Deceiver']
PT_223.txt,Legião da Boa Vontade,1690,1710,Protagonist,"['Virtuous', 'Guardian']"
PT_359.txt,Kiev,428,431,Antagonist,['Incompetent']
PT_24.txt,Macron,1005,1010,Antagonist,['Incompetent']
PT_138.txt,Brasil,187,192,Innocent,['Victim']
PT_67.txt,Rússia,119,124,Innocent,['Victim']
PT_67.txt,Ocidente,446,453,Antagonist,['Foreign Adversary']
PT_67.txt,Estados Unidos,471,484,Antagonist,['Foreign Adversary']
PT_67.txt,Rússia,1308,1313,Protagonist,['Virtuous']
PT_67.txt,Ucrânia,1444,1450,Antagonist,['Foreign Adversary']
PT_67.txt,Rússia,1507,1512,Protagonist,['Peacemaker']
PT_67.txt,Vladimir Putin,1887,1900,Protagonist,['Peacemaker']
PT_67.txt,Estados Unidos da América,2024,2048,Antagonist,['Foreign Adversary']
PT_302.txt,Ucrânia,181,187,Antagonist,"['Instigator', 'Foreign Adversary']"
PT_302.txt,Kursk,1467,1471,Innocent,['Victim']
PT_393.txt,Valência,2074,2081,Innocent,['Victim']
PT_47.txt,Ucrânia,849,855,Innocent,['Forgotten']
PT_04.txt,Kiev,104,107,Antagonist,['Deceiver']
PT_04.txt,Daesh,331,335,Antagonist,['Terrorist']
PT_04.txt,Caesar Tokhosashvili,408,427,Antagonist,['Terrorist']
PT_04.txt,Ucrânia,731,737,Antagonist,['Deceiver']
PT_04.txt,Kiev,1389,1392,Antagonist,['Incompetent']
PT_04.txt,SBU,2386,2388,Antagonist,['Deceiver']
PT_53.txt,Ivar Giaever,927,938,Protagonist,['Guardian']
PT_53.txt,John F. Clauser,942,956,Protagonist,['Guardian']
PT_96.txt,Peskov,845,850,Protagonist,['Guardian']
PT_96.txt,Rússia,1043,1048,Protagonist,['Peacemaker']
PT_96.txt,Vladimir Putin,1356,1369,Protagonist,['Virtuous']
PT_96.txt,Zelensky,1392,1399,Antagonist,['Incompetent']
PT_96.txt,Rússia,1562,1567,Protagonist,['Guardian']
PT_251.txt,Ucrânia,134,140,Protagonist,['Peacemaker']
PT_251.txt,Rússia,211,216,Protagonist,['Peacemaker']
PT_251.txt,Dmytro Kuleba,367,379,Protagonist,['Peacemaker']
PT_251.txt,Dmitry Peskov,776,788,Protagonist,['Peacemaker']
PT_251.txt,Putin,1659,1663,Protagonist,['Peacemaker']
PT_251.txt,China,2140,2144,Antagonist,['Deceiver']
PT_95.txt,Lavrov,372,377,Protagonist,['Peacemaker']
PT_95.txt,Biden,1632,1636,Antagonist,['Incompetent']
PT_19.txt,Ekaterina Altabayeva,494,513,Protagonist,['Guardian']
PT_19.txt,Ucrânia,614,620,Antagonist,['Deceiver']
PT_19.txt,Kiev,686,689,Antagonist,['Foreign Adversary']
PT_19.txt,Rússia,725,730,Innocent,['Scapegoat']
PT_19.txt,Donetsk,802,808,Antagonist,['Terrorist']
PT_19.txt,Lugansk,812,818,Antagonist,['Terrorist']
PT_19.txt,Ucrânia,922,928,Antagonist,['Foreign Adversary']
PT_19.txt,Azov,1348,1351,Antagonist,['Terrorist']
PT_19.txt,Ucrânia,1690,1696,Antagonist,['Deceiver']
PT_19.txt,Rússia,2484,2489,Protagonist,['Virtuous']
PT_122.txt,Napoleão Bonaparte,338,355,Antagonist,['Tyrant']
PT_122.txt,Adolf Hitler,359,370,Antagonist,['Tyrant']
PT_122.txt,Trump,1796,1800,Antagonist,['Bigot']
PT_394.txt,Valência,2221,2228,Innocent,['Victim']
PT_68.txt,Dmitri Peskov,688,700,Protagonist,['Peacemaker']
PT_68.txt,Moscovo,1049,1055,Protagonist,['Virtuous']
PT_193.txt,Greta Thunberg,808,821,Protagonist,['Rebel']
PT_193.txt,Alok Sharma,1235,1245,Protagonist,['Virtuous']
PT_193.txt,Txai Suruí,1443,1452,Protagonist,"['Rebel', 'Virtuous']"
PT_193.txt,Ari Uru-Eu-Wau-Wau,1694,1711,Protagonist,['Martyr']
PT_89.txt,UE,1467,1468,Antagonist,['Saboteur']
PT_89.txt,Rússia,1484,1489,Innocent,['Victim']
PT_89.txt,Hungria,1552,1558,Protagonist,['Peacemaker']
PT_150.txt,Grécia,268,273,Innocent,['Victim']
PT_150.txt,Sifnos,472,477,Innocent,['Victim']
PT_150.txt,Cíclades,484,491,Innocent,['Victim']
PT_150.txt,Leros,494,498,Innocent,['Victim']
PT_150.txt,Dodecaneso,514,523,Innocent,['Victim']
PT_150.txt,Sami,526,529,Innocent,['Victim']
PT_150.txt,Cefalônia,535,543,Innocent,['Victim']
PT_150.txt,Creta,561,565,Innocent,['Victim']
PT_150.txt,Naxos,777,781,Innocent,['Victim']
PT_150.txt,Feloni,2344,2349,Protagonist,['Guardian']
PT_25.txt,Rússia,2724,2729,Protagonist,['Peacemaker']
PT_25.txt,EUA,2967,2969,Antagonist,['Instigator']
PT_74.txt,Pokrovsk,1139,1146,Innocent,['Victim']
PT_238.txt,Ucrânia,1985,1991,Antagonist,['Foreign Adversary']
PT_238.txt,Israel,1994,1999,Antagonist,['Foreign Adversary']
PT_238.txt,Estados Unidos,2006,2019,Antagonist,['Foreign Adversary']